StateProvince,01/22/2020 new confirmed,01/22/2020 total confirmed,01/22/2020 new deaths,01/22/2020 total deaths,01/23/2020 new confirmed,01/23/2020 total confirmed,01/23/2020 new deaths,01/23/2020 total deaths,01/24/2020 new confirmed,01/24/2020 total confirmed,01/24/2020 new deaths,01/24/2020 total deaths,01/25/2020 new confirmed,01/25/2020 total confirmed,01/25/2020 new deaths,01/25/2020 total deaths,01/26/2020 new confirmed,01/26/2020 total confirmed,01/26/2020 new deaths,01/26/2020 total deaths,01/27/2020 new confirmed,01/27/2020 total confirmed,01/27/2020 new deaths,01/27/2020 total deaths,01/28/2020 new confirmed,01/28/2020 total confirmed,01/28/2020 new deaths,01/28/2020 total deaths,01/29/2020 new confirmed,01/29/2020 total confirmed,01/29/2020 new deaths,01/29/2020 total deaths,01/30/2020 new confirmed,01/30/2020 total confirmed,01/30/2020 new deaths,01/30/2020 total deaths,01/31/2020 new confirmed,01/31/2020 total confirmed,01/31/2020 new deaths,01/31/2020 total deaths,02/01/2020 new confirmed,02/01/2020 total confirmed,02/01/2020 new deaths,02/01/2020 total deaths,02/02/2020 new confirmed,02/02/2020 total confirmed,02/02/2020 new deaths,02/02/2020 total deaths,02/03/2020 new confirmed,02/03/2020 total confirmed,02/03/2020 new deaths,02/03/2020 total deaths,02/04/2020 new confirmed,02/04/2020 total confirmed,02/04/2020 new deaths,02/04/2020 total deaths,02/05/2020 new confirmed,02/05/2020 total confirmed,02/05/2020 new deaths,02/05/2020 total deaths,02/06/2020 new confirmed,02/06/2020 total confirmed,02/06/2020 new deaths,02/06/2020 total deaths,02/07/2020 new confirmed,02/07/2020 total confirmed,02/07/2020 new deaths,02/07/2020 total deaths,02/08/2020 new confirmed,02/08/2020 total confirmed,02/08/2020 new deaths,02/08/2020 total deaths,02/09/2020 new confirmed,02/09/2020 total confirmed,02/09/2020 new deaths,02/09/2020 total deaths,02/10/2020 new confirmed,02/10/2020 total confirmed,02/10/2020 new deaths,02/10/2020 total deaths,02/11/2020 new confirmed,02/11/2020 total confirmed,02/11/2020 new deaths,02/11/2020 total deaths,02/12/2020 new confirmed,02/12/2020 total confirmed,02/12/2020 new deaths,02/12/2020 total deaths,02/13/2020 new confirmed,02/13/2020 total confirmed,02/13/2020 new deaths,02/13/2020 total deaths,02/14/2020 new confirmed,02/14/2020 total confirmed,02/14/2020 new deaths,02/14/2020 total deaths,02/15/2020 new confirmed,02/15/2020 total confirmed,02/15/2020 new deaths,02/15/2020 total deaths,02/16/2020 new confirmed,02/16/2020 total confirmed,02/16/2020 new deaths,02/16/2020 total deaths,02/17/2020 new confirmed,02/17/2020 total confirmed,02/17/2020 new deaths,02/17/2020 total deaths,02/18/2020 new confirmed,02/18/2020 total confirmed,02/18/2020 new deaths,02/18/2020 total deaths,02/19/2020 new confirmed,02/19/2020 total confirmed,02/19/2020 new deaths,02/19/2020 total deaths,02/20/2020 new confirmed,02/20/2020 total confirmed,02/20/2020 new deaths,02/20/2020 total deaths,02/21/2020 new confirmed,02/21/2020 total confirmed,02/21/2020 new deaths,02/21/2020 total deaths,02/22/2020 new confirmed,02/22/2020 total confirmed,02/22/2020 new deaths,02/22/2020 total deaths,02/23/2020 new confirmed,02/23/2020 total confirmed,02/23/2020 new deaths,02/23/2020 total deaths,02/24/2020 new confirmed,02/24/2020 total confirmed,02/24/2020 new deaths,02/24/2020 total deaths,02/25/2020 new confirmed,02/25/2020 total confirmed,02/25/2020 new deaths,02/25/2020 total deaths,02/26/2020 new confirmed,02/26/2020 total confirmed,02/26/2020 new deaths,02/26/2020 total deaths,02/27/2020 new confirmed,02/27/2020 total confirmed,02/27/2020 new deaths,02/27/2020 total deaths,02/28/2020 new confirmed,02/28/2020 total confirmed,02/28/2020 new deaths,02/28/2020 total deaths,02/29/2020 new confirmed,02/29/2020 total confirmed,02/29/2020 new deaths,02/29/2020 total deaths,03/01/2020 new confirmed,03/01/2020 total confirmed,03/01/2020 new deaths,03/01/2020 total deaths,03/02/2020 new confirmed,03/02/2020 total confirmed,03/02/2020 new deaths,03/02/2020 total deaths,03/03/2020 new confirmed,03/03/2020 total confirmed,03/03/2020 new deaths,03/03/2020 total deaths,03/04/2020 new confirmed,03/04/2020 total confirmed,03/04/2020 new deaths,03/04/2020 total deaths,03/05/2020 new confirmed,03/05/2020 total confirmed,03/05/2020 new deaths,03/05/2020 total deaths,03/06/2020 new confirmed,03/06/2020 total confirmed,03/06/2020 new deaths,03/06/2020 total deaths,03/07/2020 new confirmed,03/07/2020 total confirmed,03/07/2020 new deaths,03/07/2020 total deaths,03/08/2020 new confirmed,03/08/2020 total confirmed,03/08/2020 new deaths,03/08/2020 total deaths,03/09/2020 new confirmed,03/09/2020 total confirmed,03/09/2020 new deaths,03/09/2020 total deaths,03/10/2020 new confirmed,03/10/2020 total confirmed,03/10/2020 new deaths,03/10/2020 total deaths,03/11/2020 new confirmed,03/11/2020 total confirmed,03/11/2020 new deaths,03/11/2020 total deaths,03/12/2020 new confirmed,03/12/2020 total confirmed,03/12/2020 new deaths,03/12/2020 total deaths,03/13/2020 new confirmed,03/13/2020 total confirmed,03/13/2020 new deaths,03/13/2020 total deaths,03/14/2020 new confirmed,03/14/2020 total confirmed,03/14/2020 new deaths,03/14/2020 total deaths,03/15/2020 new confirmed,03/15/2020 total confirmed,03/15/2020 new deaths,03/15/2020 total deaths,03/16/2020 new confirmed,03/16/2020 total confirmed,03/16/2020 new deaths,03/16/2020 total deaths,03/17/2020 new confirmed,03/17/2020 total confirmed,03/17/2020 new deaths,03/17/2020 total deaths,03/18/2020 new confirmed,03/18/2020 total confirmed,03/18/2020 new deaths,03/18/2020 total deaths,03/19/2020 new confirmed,03/19/2020 total confirmed,03/19/2020 new deaths,03/19/2020 total deaths,03/20/2020 new confirmed,03/20/2020 total confirmed,03/20/2020 new deaths,03/20/2020 total deaths,03/21/2020 new confirmed,03/21/2020 total confirmed,03/21/2020 new deaths,03/21/2020 total deaths,03/22/2020 new confirmed,03/22/2020 total confirmed,03/22/2020 new deaths,03/22/2020 total deaths,03/23/2020 new confirmed,03/23/2020 total confirmed,03/23/2020 new deaths,03/23/2020 total deaths,03/24/2020 new confirmed,03/24/2020 total confirmed,03/24/2020 new deaths,03/24/2020 total deaths,03/25/2020 new confirmed,03/25/2020 total confirmed,03/25/2020 new deaths,03/25/2020 total deaths,03/26/2020 new confirmed,03/26/2020 total confirmed,03/26/2020 new deaths,03/26/2020 total deaths,03/27/2020 new confirmed,03/27/2020 total confirmed,03/27/2020 new deaths,03/27/2020 total deaths,03/28/2020 new confirmed,03/28/2020 total confirmed,03/28/2020 new deaths,03/28/2020 total deaths,03/29/2020 new confirmed,03/29/2020 total confirmed,03/29/2020 new deaths,03/29/2020 total deaths,03/30/2020 new confirmed,03/30/2020 total confirmed,03/30/2020 new deaths,03/30/2020 total deaths,03/31/2020 new confirmed,03/31/2020 total confirmed,03/31/2020 new deaths,03/31/2020 total deaths,04/01/2020 new confirmed,04/01/2020 total confirmed,04/01/2020 new deaths,04/01/2020 total deaths,04/02/2020 new confirmed,04/02/2020 total confirmed,04/02/2020 new deaths,04/02/2020 total deaths,04/03/2020 new confirmed,04/03/2020 total confirmed,04/03/2020 new deaths,04/03/2020 total deaths,04/04/2020 new confirmed,04/04/2020 total confirmed,04/04/2020 new deaths,04/04/2020 total deaths,04/05/2020 new confirmed,04/05/2020 total confirmed,04/05/2020 new deaths,04/05/2020 total deaths,04/06/2020 new confirmed,04/06/2020 total confirmed,04/06/2020 new deaths,04/06/2020 total deaths,04/07/2020 new confirmed,04/07/2020 total confirmed,04/07/2020 new deaths,04/07/2020 total deaths,04/08/2020 new confirmed,04/08/2020 total confirmed,04/08/2020 new deaths,04/08/2020 total deaths,04/09/2020 new confirmed,04/09/2020 total confirmed,04/09/2020 new deaths,04/09/2020 total deaths,04/10/2020 new confirmed,04/10/2020 total confirmed,04/10/2020 new deaths,04/10/2020 total deaths,04/11/2020 new confirmed,04/11/2020 total confirmed,04/11/2020 new deaths,04/11/2020 total deaths,04/12/2020 new confirmed,04/12/2020 total confirmed,04/12/2020 new deaths,04/12/2020 total deaths,04/13/2020 new confirmed,04/13/2020 total confirmed,04/13/2020 new deaths,04/13/2020 total deaths,04/14/2020 new confirmed,04/14/2020 total confirmed,04/14/2020 new deaths,04/14/2020 total deaths,04/15/2020 new confirmed,04/15/2020 total confirmed,04/15/2020 new deaths,04/15/2020 total deaths,04/16/2020 new confirmed,04/16/2020 total confirmed,04/16/2020 new deaths,04/16/2020 total deaths,04/17/2020 new confirmed,04/17/2020 total confirmed,04/17/2020 new deaths,04/17/2020 total deaths,04/18/2020 new confirmed,04/18/2020 total confirmed,04/18/2020 new deaths,04/18/2020 total deaths,04/19/2020 new confirmed,04/19/2020 total confirmed,04/19/2020 new deaths,04/19/2020 total deaths,04/20/2020 new confirmed,04/20/2020 total confirmed,04/20/2020 new deaths,04/20/2020 total deaths,04/21/2020 new confirmed,04/21/2020 total confirmed,04/21/2020 new deaths,04/21/2020 total deaths,04/22/2020 new confirmed,04/22/2020 total confirmed,04/22/2020 new deaths,04/22/2020 total deaths,04/23/2020 new confirmed,04/23/2020 total confirmed,04/23/2020 new deaths,04/23/2020 total deaths,04/24/2020 new confirmed,04/24/2020 total confirmed,04/24/2020 new deaths,04/24/2020 total deaths,04/25/2020 new confirmed,04/25/2020 total confirmed,04/25/2020 new deaths,04/25/2020 total deaths
Alabama,0,0,0,0,0,0,0,0,0,0,0,0,0,0,0,0,0,0,0,0,0,0,0,0,0,0,0,0,0,0,0,0,0,0,0,0,0,0,0,0,0,0,0,0,0,0,0,0,0,0,0,0,0,0,0,0,0,0,0,0,0,0,0,0,0,0,0,0,0,0,0,0,0,0,0,0,0,0,0,0,0,0,0,0,0,0,0,0,0,0,0,0,0,0,0,0,0,0,0,0,0,0,0,0,0,0,0,0,0,0,0,0,0,0,0,0,0,0,0,0,0,0,0,0,0,0,0,0,0,0,0,0,0,0,0,0,0,0,0,0,0,0,0,0,0,0,0,0,0,0,0,0,0,0,0,0,0,0,0,0,0,0,0,0,0,0,0,0,0,0,0,0,0,0,0,0,0,0,0,0,0,0,0,0,0,0,0,0,0,0,0,0,0,0,0,0,0,0,0,0,0,0,0,0,5,5,0,0,1,6,0,0,6,12,0,0,17,29,0,0,10,39,0,0,7,46,0,0,32,78,0,0,5,83,0,0,48,131,0,0,26,157,0,0,39,196,0,0,46,242,0,0,139,381,1,1,136,517,0,1,70,587,3,4,107,694,0,4,131,825,6,10,74,899,0,10,88,987,13,23,73,1060,4,27,173,1233,5,32,262,1495,6,38,119,1614,6,44,151,1765,1,45,187,1952,4,49,217,2169,15,64,159,2328,2,66,375,2703,4,70,244,2947,10,80,270,3217,12,92,346,3563,1,93,171,3734,6,99,219,3953,15,114,122,4075,4,118,270,4345,15,133,226,4571,15,148,141,4712,5,153,176,4888,4,157,191,5079,6,163,238,5317,20,183,276,5593,13,196,239,5832,6,202,194,6026,7,209,0,6026,0,209
Alaska,0,0,0,0,0,0,0,0,0,0,0,0,0,0,0,0,0,0,0,0,0,0,0,0,0,0,0,0,0,0,0,0,0,0,0,0,0,0,0,0,0,0,0,0,0,0,0,0,0,0,0,0,0,0,0,0,0,0,0,0,0,0,0,0,0,0,0,0,0,0,0,0,0,0,0,0,0,0,0,0,0,0,0,0,0,0,0,0,0,0,0,0,0,0,0,0,0,0,0,0,0,0,0,0,0,0,0,0,0,0,0,0,0,0,0,0,0,0,0,0,0,0,0,0,0,0,0,0,0,0,0,0,0,0,0,0,0,0,0,0,0,0,0,0,0,0,0,0,0,0,0,0,0,0,0,0,0,0,0,0,0,0,0,0,0,0,0,0,0,0,0,0,0,0,0,0,0,0,0,0,0,0,0,0,0,0,0,0,0,0,0,0,0,0,0,0,0,0,0,0,0,0,0,0,1,1,0,0,0,0,0,0,1,1,0,0,0,1,0,0,2,3,0,0,3,6,0,0,3,9,0,0,3,12,0,0,3,15,0,0,5,20,0,0,10,30,0,0,4,34,0,0,7,41,1,1,15,56,0,1,2,58,0,1,27,85,1,2,17,102,0,2,12,114,1,3,5,119,0,3,13,132,0,3,11,143,0,3,14,157,0,3,14,171,2,5,14,185,1,6,5,190,0,6,23,213,0,6,13,226,1,7,9,235,0,7,11,246,0,7,11,257,1,8,15,272,0,8,5,277,0,8,8,285,1,9,8,293,0,9,7,300,0,9,9,309,0,9,5,314,0,9,5,319,0,9,2,321,0,9,8,329,0,9,6,335,0,9,2,337,0,9,2,339,0,9,0,339,0,9
Alberta,0,0,0,0,0,0,0,0,0,0,0,0,0,0,0,0,0,0,0,0,0,0,0,0,0,0,0,0,0,0,0,0,0,0,0,0,0,0,0,0,0,0,0,0,0,0,0,0,0,0,0,0,0,0,0,0,0,0,0,0,0,0,0,0,0,0,0,0,0,0,0,0,0,0,0,0,0,0,0,0,0,0,0,0,0,0,0,0,0,0,0,0,0,0,0,0,0,0,0,0,0,0,0,0,0,0,0,0,0,0,0,0,0,0,0,0,0,0,0,0,0,0,0,0,0,0,0,0,0,0,0,0,0,0,0,0,0,0,0,0,0,0,0,0,0,0,0,0,0,0,0,0,0,0,0,0,0,0,0,0,0,0,0,0,0,0,0,0,0,0,0,0,0,0,0,0,0,0,0,0,0,0,0,0,0,0,0,0,7,7,0,0,0,7,0,0,12,19,0,0,0,19,0,0,10,29,0,0,0,29,0,0,10,39,0,0,17,56,0,0,18,74,0,0,23,97,0,0,22,119,0,0,27,146,1,1,49,195,0,1,64,259,0,1,42,301,0,1,58,359,0,1,-1,358,1,2,128,486,0,2,56,542,0,2,0,542,0,2,79,621,0,2,40,661,1,3,29,690,5,8,64,754,1,9,215,969,4,13,0,969,0,13,106,1075,5,18,106,1181,2,20,69,1250,3,23,123,1373,1,24,0,1373,2,26,50,1423,3,29,28,1451,3,32,116,1567,8,40,0,1567,0,40,165,1732,6,46,138,1870,2,48,0,1870,0,48,126,1996,0,48,401,2397,2,50,165,2562,1,51,241,2803,0,51,105,2908,8,59,187,3095,2,61,306,3401,5,66,319,3720,2,68,297,4017,4,72,216,4233,1,73
Arizona,0,0,0,0,0,0,0,0,0,0,0,0,0,0,0,0,1,1,0,0,0,1,0,0,0,1,0,0,0,1,0,0,0,1,0,0,0,1,0,0,0,0,0,0,0,0,0,0,0,0,0,0,0,0,0,0,0,0,0,0,0,0,0,0,0,0,0,0,0,0,0,0,0,0,0,0,0,0,0,0,0,0,0,0,0,0,0,0,0,0,0,0,0,0,0,0,0,0,0,0,0,0,0,0,0,0,0,0,0,0,0,0,0,0,0,0,0,0,0,0,0,0,0,0,0,0,0,0,0,0,0,0,0,0,0,0,0,0,0,0,0,0,0,0,0,0,0,0,0,0,0,0,0,0,0,0,0,0,0,0,0,0,0,0,0,0,0,0,0,0,0,0,0,0,0,0,0,0,0,0,0,0,0,0,0,0,0,0,0,0,0,0,6,6,0,0,3,9,0,0,0,9,0,0,0,9,0,0,3,12,0,0,1,13,0,0,5,18,0,0,2,20,0,0,7,27,0,0,18,45,0,0,33,78,0,0,40,118,1,1,34,152,1,2,83,235,0,2,91,326,3,5,75,401,1,6,107,508,2,8,157,665,5,13,108,773,2,15,146,919,2,17,238,1157,3,20,132,1289,4,24,241,1530,5,29,185,1715,3,32,222,1937,9,41,250,2187,11,52,299,2486,12,64,246,2732,1,65,138,2870,8,73,166,3036,7,80,-18,3018,9,89,94,3112,8,97,281,3393,11,108,149,3542,7,115,163,3705,7,122,104,3809,9,131,155,3964,11,142,273,4237,8,150,274,4511,19,169,213,4724,11,180,209,4933,4,184,135,5068,7,191,188,5256,17,208,217,5473,23,231,299,5772,18,249,273,6045,17,266,241,6286,7,273
Arkansas,0,0,0,0,0,0,0,0,0,0,0,0,0,0,0,0,0,0,0,0,0,0,0,0,0,0,0,0,0,0,0,0,0,0,0,0,0,0,0,0,0,0,0,0,0,0,0,0,0,0,0,0,0,0,0,0,0,0,0,0,0,0,0,0,0,0,0,0,0,0,0,0,0,0,0,0,0,0,0,0,0,0,0,0,0,0,0,0,0,0,0,0,0,0,0,0,0,0,0,0,0,0,0,0,0,0,0,0,0,0,0,0,0,0,0,0,0,0,0,0,0,0,0,0,0,0,0,0,0,0,0,0,0,0,0,0,0,0,0,0,0,0,0,0,0,0,0,0,0,0,0,0,0,0,0,0,0,0,0,0,0,0,0,0,0,0,0,0,0,0,0,0,0,0,0,0,0,0,0,0,0,0,0,0,0,0,0,0,0,0,0,0,0,0,0,0,1,1,0,0,5,6,0,0,0,6,0,0,6,12,0,0,4,16,0,0,6,22,0,0,0,22,0,0,11,33,0,0,29,62,0,0,34,96,0,0,26,122,0,0,43,165,0,0,27,192,0,0,27,219,2,2,61,280,0,2,55,335,0,2,46,381,1,3,28,409,2,5,17,426,1,6,47,473,1,7,50,523,1,8,61,584,2,10,59,643,2,12,61,704,0,12,39,743,2,14,94,837,2,16,38,875,0,16,71,946,2,18,54,1000,0,18,119,1119,3,21,52,1171,0,21,57,1228,4,25,52,1280,2,27,130,1410,2,29,88,1498,3,32,71,1569,1,33,51,1620,4,37,75,1695,0,37,49,1744,1,38,37,1781,1,39,192,1973,2,41,17,1990,1,42,286,2276,0,42,323,2599,3,45,211,2810,2,47,101,2911,1,48
British Columbia,0,0,0,0,0,0,0,0,0,0,0,0,0,0,0,0,0,0,0,0,0,0,0,0,1,1,0,0,0,1,0,0,0,1,0,0,0,1,0,0,0,1,0,0,0,1,0,0,0,1,0,0,0,1,0,0,1,2,0,0,0,2,0,0,2,4,0,0,0,4,0,0,0,4,0,0,0,4,0,0,0,4,0,0,0,4,0,0,0,4,0,0,0,4,0,0,0,4,0,0,0,4,0,0,1,5,0,0,0,5,0,0,0,5,0,0,0,5,0,0,1,6,0,0,0,6,0,0,0,6,0,0,0,6,0,0,1,7,0,0,0,7,0,0,0,7,0,0,0,7,0,0,1,8,0,0,0,8,0,0,0,8,0,0,1,9,0,0,3,12,0,0,1,13,0,0,8,21,0,0,0,21,0,0,6,27,0,0,5,32,1,1,0,32,0,1,7,39,0,1,7,46,0,1,18,64,0,1,0,64,0,1,9,73,0,1,30,103,3,4,0,103,0,4,83,186,3,7,45,231,0,7,40,271,1,8,153,424,2,10,0,424,0,10,48,472,3,13,145,617,0,13,0,617,0,13,108,725,1,14,0,725,0,14,159,884,3,17,0,884,0,17,86,970,2,19,43,1013,5,24,0,1013,0,24,108,1121,7,31,53,1174,0,31,29,1203,7,38,0,1203,0,38,63,1266,0,38,0,1266,1,39,25,1291,4,43,45,1336,5,48,34,1370,2,50,75,1445,8,58,0,1445,0,58,45,1490,11,69,0,1490,0,69,27,1517,3,72,44,1561,3,75,14,1575,2,77,43,1618,1,78,29,1647,3,81,0,1647,1,82,77,1724,5,87,71,1795,3,90,29,1824,4,94,29,1853,4,98,95,1948,2,100
California,0,0,0,0,0,0,0,0,0,0,0,0,0,0,0,0,2,2,0,0,0,2,0,0,0,2,0,0,0,2,0,0,0,2,0,0,0,2,0,0,0,0,0,0,0,0,0,0,0,0,0,0,0,0,0,0,0,0,0,0,0,0,0,0,0,0,0,0,0,0,0,0,0,0,0,0,0,0,0,0,0,0,0,0,0,0,0,0,0,0,0,0,0,0,0,0,0,0,0,0,0,0,0,0,0,0,0,0,0,0,0,0,0,0,0,0,0,0,0,0,0,0,0,0,0,0,0,0,0,0,0,0,0,0,0,0,0,0,0,0,0,0,0,0,0,0,0,0,0,0,0,0,0,0,0,0,0,0,0,0,0,0,0,0,0,0,0,0,0,0,0,0,0,0,0,0,0,0,0,0,0,0,0,0,0,0,0,0,0,0,0,0,144,144,2,2,33,177,1,3,44,221,1,4,61,282,0,4,58,340,1,5,86,426,1,6,131,557,1,7,141,698,5,12,53,751,1,13,201,952,5,18,225,1177,5,23,187,1364,1,24,282,1646,6,30,462,2108,9,39,430,2538,11,50,460,2998,15,65,901,3899,16,81,758,4657,13,94,438,5095,16,110,757,5852,14,124,1286,7138,22,146,1072,8210,27,173,1189,9399,26,199,1374,10773,39,238,1231,12004,27,265,833,12837,24,289,2197,15034,59,348,985,16019,32,380,1332,17351,52,432,1546,18897,63,495,813,19710,49,544,1371,21081,39,583,625,21706,21,604,1089,22795,36,640,1136,23931,74,714,1425,25356,53,767,1330,26686,93,860,991,27677,96,956,1480,29157,81,1037,1334,30491,103,1140,940,31431,37,1177,2255,33686,48,1225,1779,35465,57,1282,1879,37344,139,1421,2217,39561,112,1533,1794,41355,88,1621,1013,42368,68,1689
Colorado,0,0,0,0,0,0,0,0,0,0,0,0,0,0,0,0,0,0,0,0,0,0,0,0,0,0,0,0,0,0,0,0,0,0,0,0,0,0,0,0,0,0,0,0,0,0,0,0,0,0,0,0,0,0,0,0,0,0,0,0,0,0,0,0,0,0,0,0,0,0,0,0,0,0,0,0,0,0,0,0,0,0,0,0,0,0,0,0,0,0,0,0,0,0,0,0,0,0,0,0,0,0,0,0,0,0,0,0,0,0,0,0,0,0,0,0,0,0,0,0,0,0,0,0,0,0,0,0,0,0,0,0,0,0,0,0,0,0,0,0,0,0,0,0,0,0,0,0,0,0,0,0,0,0,0,0,0,0,0,0,0,0,0,0,0,0,0,0,0,0,0,0,0,0,0,0,0,0,0,0,0,0,0,0,0,0,0,0,0,0,0,0,15,15,0,0,19,34,0,0,11,45,0,0,4,49,0,0,52,101,1,1,30,131,0,1,29,160,0,1,0,160,1,2,24,184,0,2,93,277,2,4,86,363,0,4,27,390,0,4,201,591,2,6,113,704,1,7,19,723,1,8,298,1021,8,16,409,1430,3,19,3,1433,8,27,307,1740,4,31,567,2307,16,47,4,2311,0,47,655,2966,22,69,16,2982,0,69,360,3342,11,80,400,3742,17,97,446,4188,14,111,762,4950,29,140,233,5183,10,150,246,5429,29,179,226,5655,14,193,0,5655,0,193,547,6202,33,226,311,6513,24,250,794,7307,39,289,384,7691,17,306,259,7950,21,327,6,7956,1,328,330,8286,27,355,405,8691,17,372,356,9047,17,389,683,9730,31,420,0,9730,0,420,743,10473,63,483,418,10891,23,506,387,11278,46,552,978,12256,122,674,712,12968,10,684
Connecticut,0,0,0,0,0,0,0,0,0,0,0,0,0,0,0,0,0,0,0,0,0,0,0,0,0,0,0,0,0,0,0,0,0,0,0,0,0,0,0,0,0,0,0,0,0,0,0,0,0,0,0,0,0,0,0,0,0,0,0,0,0,0,0,0,0,0,0,0,0,0,0,0,0,0,0,0,0,0,0,0,0,0,0,0,0,0,0,0,0,0,0,0,0,0,0,0,0,0,0,0,0,0,0,0,0,0,0,0,0,0,0,0,0,0,0,0,0,0,0,0,0,0,0,0,0,0,0,0,0,0,0,0,0,0,0,0,0,0,0,0,0,0,0,0,0,0,0,0,0,0,0,0,0,0,0,0,0,0,0,0,0,0,0,0,0,0,0,0,0,0,0,0,0,0,0,0,0,0,0,0,0,0,0,0,0,0,0,0,0,0,0,0,2,2,0,0,1,3,0,0,2,5,0,0,6,11,0,0,11,22,0,0,2,24,0,0,6,30,0,0,38,68,0,0,0,68,0,0,91,159,2,2,35,194,1,3,0,194,1,4,133,327,4,8,88,415,2,10,203,618,2,12,257,875,7,19,137,1012,2,21,279,1291,6,27,233,1524,6,33,469,1993,1,34,578,2571,2,36,557,3128,33,69,429,3557,16,85,267,3824,27,112,1090,4914,19,131,362,5276,34,165,399,5675,24,189,1231,6906,17,206,875,7781,71,277,0,7781,49,326,2003,9784,54,380,754,10538,68,448,972,11510,46,494,525,12035,60,554,1346,13381,48,602,608,13989,69,671,766,14755,197,868,1129,15884,103,971,925,16809,65,1036,741,17550,50,1086,412,17962,41,1127,1853,19815,204,1331,545,20360,92,1423,2109,22469,121,1544,631,23100,95,1639,836,23936,128,1767,647,24583,98,1865
Delaware,0,0,0,0,0,0,0,0,0,0,0,0,0,0,0,0,0,0,0,0,0,0,0,0,0,0,0,0,0,0,0,0,0,0,0,0,0,0,0,0,0,0,0,0,0,0,0,0,0,0,0,0,0,0,0,0,0,0,0,0,0,0,0,0,0,0,0,0,0,0,0,0,0,0,0,0,0,0,0,0,0,0,0,0,0,0,0,0,0,0,0,0,0,0,0,0,0,0,0,0,0,0,0,0,0,0,0,0,0,0,0,0,0,0,0,0,0,0,0,0,0,0,0,0,0,0,0,0,0,0,0,0,0,0,0,0,0,0,0,0,0,0,0,0,0,0,0,0,0,0,0,0,0,0,0,0,0,0,0,0,0,0,0,0,0,0,0,0,0,0,0,0,0,0,0,0,0,0,0,0,0,0,0,0,0,0,0,0,0,0,0,0,0,0,0,0,1,1,0,0,0,1,0,0,3,4,0,0,2,6,0,0,1,7,0,0,1,8,0,0,8,16,0,0,3,19,0,0,11,30,0,0,8,38,0,0,7,45,0,0,11,56,0,0,12,68,0,0,36,104,0,0,15,119,0,0,11,130,1,1,33,163,1,2,51,214,3,5,18,232,1,6,32,264,0,6,55,319,4,10,49,368,1,11,25,393,1,12,57,450,2,14,143,593,0,14,80,673,0,14,110,783,1,15,145,928,1,16,188,1116,3,19,93,1209,4,23,117,1326,9,32,153,1479,1,33,146,1625,2,35,133,1758,6,41,168,1926,2,43,88,2014,3,46,56,2070,9,55,247,2317,6,61,221,2538,6,67,0,2538,0,67,207,2745,5,72,186,2931,10,82,269,3200,7,89,108,3308,3,92,134,3442,8,100,134,3576,12,112
District of Columbia,0,0,0,0,0,0,0,0,0,0,0,0,0,0,0,0,0,0,0,0,0,0,0,0,0,0,0,0,0,0,0,0,0,0,0,0,0,0,0,0,0,0,0,0,0,0,0,0,0,0,0,0,0,0,0,0,0,0,0,0,0,0,0,0,0,0,0,0,0,0,0,0,0,0,0,0,0,0,0,0,0,0,0,0,0,0,0,0,0,0,0,0,0,0,0,0,0,0,0,0,0,0,0,0,0,0,0,0,0,0,0,0,0,0,0,0,0,0,0,0,0,0,0,0,0,0,0,0,0,0,0,0,0,0,0,0,0,0,0,0,0,0,0,0,0,0,0,0,0,0,0,0,0,0,0,0,0,0,0,0,0,0,0,0,0,0,0,0,0,0,0,0,0,0,0,0,0,0,0,0,0,0,0,0,0,0,0,0,0,0,0,0,5,5,0,0,5,10,0,0,0,10,0,0,0,10,0,0,0,10,0,0,6,16,0,0,6,22,0,0,0,22,0,0,9,31,0,0,9,40,0,0,31,71,1,1,27,98,0,1,106,204,1,2,-84,120,0,2,21,141,0,2,46,187,0,2,44,231,1,3,40,271,0,3,33,304,1,4,38,342,1,5,59,401,4,9,94,495,0,9,91,586,0,9,67,653,3,12,104,757,3,15,145,902,6,21,100,1002,1,22,95,1097,2,24,114,1211,-2,22,229,1440,5,27,83,1523,5,32,137,1660,6,38,118,1778,9,47,97,1875,3,50,80,1955,2,52,103,2058,15,67,139,2197,5,72,153,2350,9,81,126,2476,5,86,190,2666,5,91,127,2793,5,96,134,2927,9,105,171,3098,7,112,108,3206,15,127,155,3361,12,139,167,3528,14,153,171,3699,12,165
Florida,0,0,0,0,0,0,0,0,0,0,0,0,0,0,0,0,0,0,0,0,0,0,0,0,0,0,0,0,0,0,0,0,0,0,0,0,0,0,0,0,0,0,0,0,0,0,0,0,0,0,0,0,0,0,0,0,0,0,0,0,0,0,0,0,0,0,0,0,0,0,0,0,0,0,0,0,0,0,0,0,0,0,0,0,0,0,0,0,0,0,0,0,0,0,0,0,0,0,0,0,0,0,0,0,0,0,0,0,0,0,0,0,0,0,0,0,0,0,0,0,0,0,0,0,0,0,0,0,0,0,0,0,0,0,0,0,0,0,0,0,0,0,0,0,0,0,0,0,0,0,0,0,0,0,0,0,0,0,0,0,0,0,0,0,0,0,0,0,0,0,0,0,0,0,0,0,0,0,0,0,0,0,0,0,0,0,0,0,0,0,0,0,15,15,2,2,13,28,0,2,7,35,0,2,15,50,0,2,26,76,1,3,39,115,1,4,40,155,1,5,61,216,1,6,98,314,1,7,103,417,2,9,146,563,1,10,96,659,3,13,345,1004,0,13,223,1227,5,18,185,1412,0,18,270,1682,5,23,675,2357,6,29,543,2900,6,35,863,3763,19,54,483,4246,2,56,1227,5473,7,63,1268,6741,22,85,215,6956,2,87,2052,9008,77,164,1260,10268,6,170,1269,11537,25,195,813,12350,26,221,974,13324,15,236,1221,14545,47,283,911,15456,26,309,908,16364,45,354,1167,17531,36,390,963,18494,48,438,1401,19895,23,461,1124,21019,38,499,609,21628,72,571,883,22511,25,596,832,23343,72,668,1416,24759,57,725,733,25492,23,748,822,26314,26,774,745,27059,48,822,810,27869,45,867,440,28309,26,893,1339,29648,94,987,885,30533,59,1046,306,30839,9,1055
Georgia,0,0,0,0,0,0,0,0,0,0,0,0,0,0,0,0,0,0,0,0,0,0,0,0,0,0,0,0,0,0,0,0,0,0,0,0,0,0,0,0,0,0,0,0,0,0,0,0,0,0,0,0,0,0,0,0,0,0,0,0,0,0,0,0,0,0,0,0,0,0,0,0,0,0,0,0,0,0,0,0,0,0,0,0,0,0,0,0,0,0,0,0,0,0,0,0,0,0,0,0,0,0,0,0,0,0,0,0,0,0,0,0,0,0,0,0,0,0,0,0,0,0,0,0,0,0,0,0,0,0,0,0,0,0,0,0,0,0,0,0,0,0,0,0,0,0,0,0,0,0,0,0,0,0,0,0,0,0,0,0,0,0,0,0,0,0,0,0,0,0,0,0,0,0,0,0,0,0,0,0,0,0,0,0,0,0,0,0,0,0,0,0,17,17,0,0,6,23,0,0,8,31,1,1,11,42,0,1,24,66,0,1,33,99,0,1,22,121,0,1,25,146,0,1,53,199,2,3,88,287,7,10,133,420,3,13,87,507,1,14,114,621,11,25,151,772,0,25,254,1026,7,32,221,1247,8,40,278,1525,8,48,475,2000,16,64,366,2366,5,69,285,2651,11,80,157,2808,7,87,1121,3929,24,111,709,4638,28,139,710,5348,24,163,483,5831,21,184,329,6160,17,201,487,6647,10,211,667,7314,18,229,1508,8822,100,329,1079,9901,33,362,665,10566,17,379,919,11485,37,416,674,12159,13,429,293,12452,4,433,863,13315,32,465,1263,14578,60,525,409,14987,27,552,682,15669,35,587,1525,17194,63,650,475,17669,23,673,632,18301,14,687,1106,19407,88,775,474,19881,23,798,1333,21214,50,848,669,21883,33,881,608,22491,18,899,731,23222,8,907
Guam,0,0,0,0,0,0,0,0,0,0,0,0,0,0,0,0,0,0,0,0,0,0,0,0,0,0,0,0,0,0,0,0,0,0,0,0,0,0,0,0,0,0,0,0,0,0,0,0,0,0,0,0,0,0,0,0,0,0,0,0,0,0,0,0,0,0,0,0,0,0,0,0,0,0,0,0,0,0,0,0,0,0,0,0,0,0,0,0,0,0,0,0,0,0,0,0,0,0,0,0,0,0,0,0,0,0,0,0,0,0,0,0,0,0,0,0,0,0,0,0,0,0,0,0,0,0,0,0,0,0,0,0,0,0,0,0,0,0,0,0,0,0,0,0,0,0,0,0,0,0,0,0,0,0,0,0,0,0,0,0,0,0,0,0,0,0,0,0,0,0,0,0,0,0,0,0,0,0,0,0,0,0,0,0,0,0,0,0,0,0,0,0,0,0,0,0,0,0,0,0,0,0,0,0,0,0,0,0,0,0,0,0,3,3,0,0,0,3,0,0,0,3,0,0,2,5,0,0,7,12,0,0,2,14,0,0,1,15,0,0,12,27,1,1,2,29,0,1,3,32,0,1,5,37,0,1,8,45,0,1,6,51,0,1,4,55,0,1,1,56,0,1,2,58,0,1,11,69,1,2,8,77,1,3,5,82,0,3,2,84,1,4,9,93,0,4,19,112,0,4,1,113,0,4,8,121,0,4,0,121,0,4,7,128,0,4,2,130,0,4,3,133,1,5,0,133,0,5,0,133,0,5,0,133,0,5,2,135,0,5,0,135,0,5,1,136,0,5,0,136,0,5,0,136,0,5,0,136,0,5,0,136,0,5,0,136,0,5,3,139,0,5,2,141,0,5,0,141,0,5
Hawaii,0,0,0,0,0,0,0,0,0,0,0,0,0,0,0,0,0,0,0,0,0,0,0,0,0,0,0,0,0,0,0,0,0,0,0,0,0,0,0,0,0,0,0,0,0,0,0,0,0,0,0,0,0,0,0,0,0,0,0,0,0,0,0,0,0,0,0,0,0,0,0,0,0,0,0,0,0,0,0,0,0,0,0,0,0,0,0,0,0,0,0,0,0,0,0,0,0,0,0,0,0,0,0,0,0,0,0,0,0,0,0,0,0,0,0,0,0,0,0,0,0,0,0,0,0,0,0,0,0,0,0,0,0,0,0,0,0,0,0,0,0,0,0,0,0,0,0,0,0,0,0,0,0,0,0,0,0,0,0,0,0,0,0,0,0,0,0,0,0,0,0,0,0,0,0,0,0,0,0,0,0,0,0,0,0,0,0,0,0,0,0,0,2,2,0,0,0,2,0,0,0,2,0,0,0,2,0,0,2,4,0,0,2,6,0,0,1,7,0,0,3,10,0,0,4,14,0,0,2,16,0,0,10,26,0,0,11,37,0,0,16,53,0,0,3,56,0,0,34,90,1,1,1,91,-1,0,4,95,0,0,11,106,0,0,43,149,0,0,0,149,0,0,26,175,0,0,29,204,0,0,20,224,1,1,32,256,0,1,63,319,2,3,32,351,0,3,20,371,1,4,16,387,1,5,23,410,0,5,0,410,0,5,32,442,1,6,0,442,0,6,23,465,2,8,34,499,1,9,5,504,0,9,7,511,0,9,13,524,0,9,6,530,0,9,11,541,0,9,33,574,0,9,6,580,1,10,4,584,0,10,2,586,0,10,6,592,2,12,4,596,0,12,5,601,1,13,4,605,0,13
Idaho,0,0,0,0,0,0,0,0,0,0,0,0,0,0,0,0,0,0,0,0,0,0,0,0,0,0,0,0,0,0,0,0,0,0,0,0,0,0,0,0,0,0,0,0,0,0,0,0,0,0,0,0,0,0,0,0,0,0,0,0,0,0,0,0,0,0,0,0,0,0,0,0,0,0,0,0,0,0,0,0,0,0,0,0,0,0,0,0,0,0,0,0,0,0,0,0,0,0,0,0,0,0,0,0,0,0,0,0,0,0,0,0,0,0,0,0,0,0,0,0,0,0,0,0,0,0,0,0,0,0,0,0,0,0,0,0,0,0,0,0,0,0,0,0,0,0,0,0,0,0,0,0,0,0,0,0,0,0,0,0,0,0,0,0,0,0,0,0,0,0,0,0,0,0,0,0,0,0,0,0,0,0,0,0,0,0,0,0,0,0,0,0,0,0,0,0,0,0,0,0,0,0,0,0,1,1,0,0,1,2,0,0,3,5,0,0,0,5,0,0,3,8,0,0,1,9,0,0,2,11,0,0,12,23,0,0,13,36,0,0,6,42,0,0,26,68,0,0,13,81,0,0,10,91,0,0,55,146,3,3,59,205,0,3,29,234,1,4,47,281,1,5,59,340,1,6,175,515,2,8,51,566,1,9,210,776,0,9,115,891,0,9,131,1022,1,10,56,1078,0,10,23,1101,0,10,69,1170,3,13,40,1210,2,15,22,1232,3,18,122,1354,6,24,42,1396,1,25,11,1407,2,27,19,1426,0,27,38,1464,6,33,9,1473,6,39,114,1587,2,41,22,1609,0,41,46,1655,2,43,13,1668,1,44,4,1672,1,45,64,1736,3,48,30,1766,3,51,70,1836,3,54,34,1870,0,54,17,1887,2,56
Illinois,0,0,0,0,0,0,0,0,0,0,0,0,1,1,0,0,0,1,0,0,0,1,0,0,0,1,0,0,0,1,0,0,0,1,0,0,1,2,0,0,0,0,0,0,0,0,0,0,0,0,0,0,0,0,0,0,0,0,0,0,0,0,0,0,0,0,0,0,0,0,0,0,0,0,0,0,0,0,0,0,0,0,0,0,0,0,0,0,0,0,0,0,0,0,0,0,0,0,0,0,0,0,0,0,0,0,0,0,0,0,0,0,0,0,0,0,0,0,0,0,0,0,0,0,0,0,0,0,0,0,0,0,0,0,0,0,0,0,0,0,0,0,0,0,0,0,0,0,0,0,0,0,0,0,0,0,0,0,0,0,0,0,0,0,0,0,0,0,0,0,0,0,0,0,0,0,0,0,0,0,0,0,0,0,0,0,0,0,0,0,0,0,12,12,0,0,13,25,0,0,7,32,0,0,14,46,0,0,18,64,0,0,29,93,0,0,12,105,0,0,56,161,1,1,1,162,0,1,260,422,3,4,163,585,1,5,168,753,1,6,296,1049,3,9,236,1285,3,12,252,1537,4,16,328,1865,3,19,673,2538,7,26,486,3024,8,34,467,3491,13,47,1105,4596,19,66,460,5056,7,73,938,5994,26,99,986,6980,42,141,715,7695,22,163,1209,8904,47,210,1453,10357,34,244,902,11259,30,274,1003,12262,33,307,9,12271,1,308,2807,15078,154,462,1,15079,0,462,2808,17887,135,597,1293,19180,80,677,1672,20852,43,720,1173,22025,78,798,1223,23248,70,868,1345,24593,81,949,1141,25734,123,1072,1844,27578,60,1132,1582,29160,127,1259,1197,30357,31,1290,1156,31513,59,1349,1546,33059,119,1468,2048,35107,97,1565,1830,36937,123,1688,2721,39658,107,1795,2119,41777,80,1875
Indiana,0,0,0,0,0,0,0,0,0,0,0,0,0,0,0,0,0,0,0,0,0,0,0,0,0,0,0,0,0,0,0,0,0,0,0,0,0,0,0,0,0,0,0,0,0,0,0,0,0,0,0,0,0,0,0,0,0,0,0,0,0,0,0,0,0,0,0,0,0,0,0,0,0,0,0,0,0,0,0,0,0,0,0,0,0,0,0,0,0,0,0,0,0,0,0,0,0,0,0,0,0,0,0,0,0,0,0,0,0,0,0,0,0,0,0,0,0,0,0,0,0,0,0,0,0,0,0,0,0,0,0,0,0,0,0,0,0,0,0,0,0,0,0,0,0,0,0,0,0,0,0,0,0,0,0,0,0,0,0,0,0,0,0,0,0,0,0,0,0,0,0,0,0,0,0,0,0,0,0,0,0,0,0,0,0,0,0,0,0,0,0,0,6,6,0,0,5,11,0,0,2,13,0,0,0,13,0,0,3,16,0,0,4,20,0,0,5,25,1,1,5,30,1,2,9,39,0,2,21,60,0,2,26,86,0,2,42,128,2,4,76,204,2,6,66,270,1,7,98,368,5,12,109,477,2,14,168,645,3,17,334,979,8,25,254,1233,6,31,280,1513,1,32,273,1786,3,35,372,2158,14,49,406,2564,16,65,474,3038,13,78,399,3437,24,102,516,3953,14,116,458,4411,11,127,545,4956,16,143,554,5510,30,173,433,5943,30,203,408,6351,42,245,556,6907,55,300,528,7435,30,330,493,7928,13,343,431,8359,7,350,168,8527,37,387,433,8960,49,436,582,9542,41,477,612,10154,45,522,487,10641,23,545,570,11211,17,562,477,11688,15,577,409,12097,58,635,341,12438,31,666,601,13039,40,706,642,13681,35,741,718,14399,45,786
Iowa,0,0,0,0,0,0,0,0,0,0,0,0,0,0,0,0,0,0,0,0,0,0,0,0,0,0,0,0,0,0,0,0,0,0,0,0,0,0,0,0,0,0,0,0,0,0,0,0,0,0,0,0,0,0,0,0,0,0,0,0,0,0,0,0,0,0,0,0,0,0,0,0,0,0,0,0,0,0,0,0,0,0,0,0,0,0,0,0,0,0,0,0,0,0,0,0,0,0,0,0,0,0,0,0,0,0,0,0,0,0,0,0,0,0,0,0,0,0,0,0,0,0,0,0,0,0,0,0,0,0,0,0,0,0,0,0,0,0,0,0,0,0,0,0,0,0,0,0,0,0,0,0,0,0,0,0,0,0,0,0,0,0,0,0,0,0,0,0,0,0,0,0,0,0,0,0,0,0,0,0,0,0,0,0,0,0,0,0,0,0,0,0,8,8,0,0,5,13,0,0,3,16,0,0,1,17,0,0,0,17,0,0,1,18,0,0,5,23,0,0,0,23,0,0,6,29,0,0,15,44,0,0,1,45,0,0,23,68,0,0,22,90,0,0,15,105,0,0,19,124,0,0,22,146,1,1,33,179,0,1,56,235,2,3,63,298,0,3,38,336,1,4,88,424,2,6,73,497,1,7,50,547,2,9,67,614,2,11,85,699,0,11,88,787,3,14,82,869,4,18,77,946,7,25,100,1046,0,25,99,1145,2,27,125,1270,2,29,118,1388,2,31,122,1510,3,34,77,1587,7,41,123,1710,0,41,189,1899,8,49,96,1995,4,53,146,2141,7,60,191,2332,4,64,181,2513,10,74,389,2902,1,75,257,3159,4,79,482,3641,4,83,107,3748,7,90,176,3924,6,96,521,4445,11,107,647,5092,5,112
Kansas,0,0,0,0,0,0,0,0,0,0,0,0,0,0,0,0,0,0,0,0,0,0,0,0,0,0,0,0,0,0,0,0,0,0,0,0,0,0,0,0,0,0,0,0,0,0,0,0,0,0,0,0,0,0,0,0,0,0,0,0,0,0,0,0,0,0,0,0,0,0,0,0,0,0,0,0,0,0,0,0,0,0,0,0,0,0,0,0,0,0,0,0,0,0,0,0,0,0,0,0,0,0,0,0,0,0,0,0,0,0,0,0,0,0,0,0,0,0,0,0,0,0,0,0,0,0,0,0,0,0,0,0,0,0,0,0,0,0,0,0,0,0,0,0,0,0,0,0,0,0,0,0,0,0,0,0,0,0,0,0,0,0,0,0,0,0,0,0,0,0,0,0,0,0,0,0,0,0,0,0,0,0,0,0,0,0,0,0,0,0,0,0,1,1,0,0,0,1,0,0,0,1,0,0,4,5,1,1,3,8,0,1,0,8,0,1,3,11,0,1,7,18,0,1,0,18,0,1,16,34,0,1,10,44,0,1,13,57,1,2,8,65,0,2,19,84,0,2,16,100,0,2,34,134,1,3,38,172,0,3,34,206,1,4,60,266,0,4,64,330,3,7,42,372,1,8,62,434,1,9,51,485,1,10,68,553,2,12,76,629,6,18,69,698,3,21,53,751,1,22,98,849,3,25,63,912,4,29,134,1046,5,34,70,1116,8,42,1,1117,0,42,158,1275,13,55,69,1344,1,56,46,1390,6,62,51,1441,7,69,63,1504,2,71,111,1615,9,80,115,1730,2,82,91,1821,3,85,84,1905,8,93,143,2048,9,102,116,2164,7,109,167,2331,3,112,390,2721,1,113,238,2959,5,118,176,3135,2,120
Kentucky,0,0,0,0,0,0,0,0,0,0,0,0,0,0,0,0,0,0,0,0,0,0,0,0,0,0,0,0,0,0,0,0,0,0,0,0,0,0,0,0,0,0,0,0,0,0,0,0,0,0,0,0,0,0,0,0,0,0,0,0,0,0,0,0,0,0,0,0,0,0,0,0,0,0,0,0,0,0,0,0,0,0,0,0,0,0,0,0,0,0,0,0,0,0,0,0,0,0,0,0,0,0,0,0,0,0,0,0,0,0,0,0,0,0,0,0,0,0,0,0,0,0,0,0,0,0,0,0,0,0,0,0,0,0,0,0,0,0,0,0,0,0,0,0,0,0,0,0,0,0,0,0,0,0,0,0,0,0,0,0,0,0,0,0,0,0,0,0,0,0,0,0,0,0,0,0,0,0,0,0,0,0,0,0,0,0,0,0,0,0,0,0,6,6,0,0,2,8,0,0,2,10,0,0,4,14,0,0,0,14,0,0,6,20,0,0,1,21,1,1,5,26,0,1,1,27,0,1,10,37,1,2,10,47,0,2,40,87,1,3,16,103,0,3,20,123,1,4,39,162,0,4,35,197,1,5,50,247,0,5,54,301,2,7,79,380,2,9,58,438,0,9,41,479,2,11,149,628,0,11,4,632,7,18,138,770,13,31,0,770,3,34,147,917,6,40,38,955,5,45,0,955,0,45,194,1149,20,65,0,1149,0,65,192,1341,8,73,352,1693,17,90,0,1693,0,90,270,1963,7,97,55,2018,16,113,30,2048,-7,106,162,2210,9,115,225,2435,14,129,87,2522,8,137,185,2707,7,144,253,2960,2,146,90,3050,8,154,154,3204,17,171,174,3378,14,185,101,3479,6,191,300,3779,9,200,136,3915,5,205
Louisiana,0,0,0,0,0,0,0,0,0,0,0,0,0,0,0,0,0,0,0,0,0,0,0,0,0,0,0,0,0,0,0,0,0,0,0,0,0,0,0,0,0,0,0,0,0,0,0,0,0,0,0,0,0,0,0,0,0,0,0,0,0,0,0,0,0,0,0,0,0,0,0,0,0,0,0,0,0,0,0,0,0,0,0,0,0,0,0,0,0,0,0,0,0,0,0,0,0,0,0,0,0,0,0,0,0,0,0,0,0,0,0,0,0,0,0,0,0,0,0,0,0,0,0,0,0,0,0,0,0,0,0,0,0,0,0,0,0,0,0,0,0,0,0,0,0,0,0,0,0,0,0,0,0,0,0,0,0,0,0,0,0,0,0,0,0,0,0,0,0,0,0,0,0,0,0,0,0,0,0,0,0,0,0,0,0,0,0,0,0,0,0,0,1,1,0,0,5,6,0,0,13,19,0,0,17,36,0,0,41,77,1,1,14,91,1,2,45,136,1,3,60,196,1,4,61,257,0,4,135,392,6,10,146,538,4,14,47,585,2,16,252,837,4,20,335,1172,15,35,216,1388,11,46,407,1795,19,65,509,2304,18,83,440,2744,36,119,571,3315,18,137,225,3540,14,151,485,4025,34,185,1212,5237,54,239,1187,6424,34,273,2725,9149,37,310,1148,10297,60,370,2199,12496,39,409,514,13010,68,477,1857,14867,35,512,1417,16284,70,582,746,17030,70,652,1253,18283,50,702,970,19253,53,755,761,20014,51,806,581,20595,34,840,421,21016,44,884,502,21518,129,1013,433,21951,90,1103,581,22532,53,1156,586,23118,57,1213,462,23580,54,1267,348,23928,29,1296,595,24523,32,1328,331,24854,77,1405,404,25258,68,1473,481,25739,126,1599,401,26140,61,1660,372,26512,47,1707
Maine,0,0,0,0,0,0,0,0,0,0,0,0,0,0,0,0,0,0,0,0,0,0,0,0,0,0,0,0,0,0,0,0,0,0,0,0,0,0,0,0,0,0,0,0,0,0,0,0,0,0,0,0,0,0,0,0,0,0,0,0,0,0,0,0,0,0,0,0,0,0,0,0,0,0,0,0,0,0,0,0,0,0,0,0,0,0,0,0,0,0,0,0,0,0,0,0,0,0,0,0,0,0,0,0,0,0,0,0,0,0,0,0,0,0,0,0,0,0,0,0,0,0,0,0,0,0,0,0,0,0,0,0,0,0,0,0,0,0,0,0,0,0,0,0,0,0,0,0,0,0,0,0,0,0,0,0,0,0,0,0,0,0,0,0,0,0,0,0,0,0,0,0,0,0,0,0,0,0,0,0,0,0,0,0,0,0,0,0,0,0,0,0,0,0,0,0,0,0,0,0,0,0,0,0,1,1,0,0,2,3,0,0,9,12,0,0,5,17,0,0,15,32,0,0,10,42,0,0,10,52,0,0,4,56,0,0,14,70,0,0,19,89,0,0,18,107,0,0,11,118,0,0,24,142,0,0,13,155,0,0,13,168,1,1,43,211,0,1,42,253,2,3,22,275,0,3,28,303,2,5,0,303,0,5,73,376,2,7,56,432,2,9,24,456,1,10,14,470,0,10,29,499,0,10,20,519,2,12,18,537,2,14,23,560,2,16,26,586,1,17,30,616,2,19,17,633,0,19,65,698,0,19,37,735,1,20,35,770,4,24,26,796,3,27,31,827,2,29,20,847,3,32,20,867,2,34,8,875,1,35,13,888,1,36,19,907,3,39,30,937,5,44,28,965,3,47,0,965,0,47
Manitoba,0,0,0,0,0,0,0,0,0,0,0,0,0,0,0,0,0,0,0,0,0,0,0,0,0,0,0,0,0,0,0,0,0,0,0,0,0,0,0,0,0,0,0,0,0,0,0,0,0,0,0,0,0,0,0,0,0,0,0,0,0,0,0,0,0,0,0,0,0,0,0,0,0,0,0,0,0,0,0,0,0,0,0,0,0,0,0,0,0,0,0,0,0,0,0,0,0,0,0,0,0,0,0,0,0,0,0,0,0,0,0,0,0,0,0,0,0,0,0,0,0,0,0,0,0,0,0,0,0,0,0,0,0,0,0,0,0,0,0,0,0,0,0,0,0,0,0,0,0,0,0,0,0,0,0,0,0,0,0,0,0,0,0,0,0,0,0,0,0,0,0,0,0,0,0,0,0,0,0,0,0,0,0,0,0,0,0,0,0,0,0,0,0,0,0,0,0,0,0,0,0,0,0,0,4,4,0,0,0,4,0,0,0,4,0,0,3,7,0,0,1,8,0,0,7,15,0,0,2,17,0,0,0,17,0,0,1,18,0,0,2,20,0,0,0,20,0,0,1,21,0,0,14,35,0,0,1,36,0,0,3,39,1,1,25,64,0,1,8,72,0,1,24,96,0,1,7,103,0,1,24,127,0,1,40,167,0,1,15,182,1,2,0,182,0,2,21,203,0,2,0,203,0,2,14,217,1,3,0,217,0,3,4,221,0,3,9,230,0,3,13,243,1,4,-1,242,0,4,4,246,0,4,0,246,0,4,0,246,1,5,4,250,0,5,0,250,0,5,3,253,0,5,1,254,0,5,0,254,1,6,1,255,0,6,2,257,0,6,5,262,0,6,1,263,0,6,4,267,0,6
Maryland,0,0,0,0,0,0,0,0,0,0,0,0,0,0,0,0,0,0,0,0,0,0,0,0,0,0,0,0,0,0,0,0,0,0,0,0,0,0,0,0,0,0,0,0,0,0,0,0,0,0,0,0,0,0,0,0,0,0,0,0,0,0,0,0,0,0,0,0,0,0,0,0,0,0,0,0,0,0,0,0,0,0,0,0,0,0,0,0,0,0,0,0,0,0,0,0,0,0,0,0,0,0,0,0,0,0,0,0,0,0,0,0,0,0,0,0,0,0,0,0,0,0,0,0,0,0,0,0,0,0,0,0,0,0,0,0,0,0,0,0,0,0,0,0,0,0,0,0,0,0,0,0,0,0,0,0,0,0,0,0,0,0,0,0,0,0,0,0,0,0,0,0,0,0,0,0,0,0,0,0,0,0,0,0,0,0,0,0,0,0,0,0,8,8,0,0,1,9,0,0,3,12,0,0,6,18,0,0,8,26,0,0,6,32,0,0,9,41,0,0,19,60,0,0,25,85,0,0,22,107,1,1,42,149,0,1,44,193,1,2,51,244,1,3,46,290,0,3,59,349,1,4,76,425,0,4,158,583,0,4,192,775,1,5,220,995,0,5,244,1239,5,10,174,1413,5,15,247,1660,3,18,326,1986,13,31,345,2331,5,36,427,2758,7,43,367,3125,11,54,492,3617,13,67,428,4045,24,91,326,4371,12,103,1158,5529,21,124,656,6185,14,138,783,6968,33,171,726,7694,35,206,531,8225,30,236,711,8936,26,262,536,9472,40,302,560,10032,9,311,752,10784,8,319,788,11572,15,334,754,12326,87,421,521,12847,40,461,837,13684,121,582,509,14193,70,652,582,14775,46,698,962,15737,50,748,879,16616,50,798,1150,17766,77,875
Massachusetts,0,0,0,0,0,0,0,0,0,0,0,0,0,0,0,0,0,0,0,0,0,0,0,0,0,0,0,0,0,0,0,0,0,0,0,0,0,0,0,0,0,0,0,0,0,0,0,0,0,0,0,0,0,0,0,0,0,0,0,0,0,0,0,0,0,0,0,0,0,0,0,0,0,0,0,0,0,0,0,0,0,0,0,0,0,0,0,0,0,0,0,0,0,0,0,0,0,0,0,0,0,0,0,0,0,0,0,0,0,0,0,0,0,0,0,0,0,0,0,0,0,0,0,0,0,0,0,0,0,0,0,0,0,0,0,0,0,0,0,0,0,0,0,0,0,0,0,0,0,0,0,0,0,0,0,0,0,0,0,0,0,0,0,0,0,0,0,0,0,0,0,0,0,0,0,0,0,0,0,0,0,0,0,0,0,0,0,0,0,0,0,0,92,92,0,0,3,95,0,0,13,108,0,0,15,123,0,0,15,138,0,0,26,164,0,0,33,197,0,0,21,218,0,0,0,218,0,0,110,328,0,0,85,413,1,1,112,525,0,1,121,646,4,5,131,777,4,9,382,1159,2,11,679,1838,4,15,579,2417,10,25,823,3240,10,35,1017,4257,9,44,698,4955,4,48,797,5752,8,56,868,6620,33,89,1118,7738,33,122,1228,8966,32,154,1436,10402,38,192,1334,11736,24,216,764,12500,15,231,1337,13837,29,260,1365,15202,96,356,1588,16790,77,433,2151,18941,70,503,2033,20974,96,599,1886,22860,87,686,2615,25475,70,756,1392,26867,88,844,1297,28164,0,844,1754,29918,264,1108,2263,32181,0,1108,2221,34402,137,1245,1970,36372,159,1404,1705,38077,302,1706,0,38077,0,1706,3122,41199,255,1961,1745,42944,221,2182,3079,46023,178,2360,4946,50969,196,2556,2379,53348,174,2730
Michigan,0,0,0,0,0,0,0,0,0,0,0,0,0,0,0,0,0,0,0,0,0,0,0,0,0,0,0,0,0,0,0,0,0,0,0,0,0,0,0,0,0,0,0,0,0,0,0,0,0,0,0,0,0,0,0,0,0,0,0,0,0,0,0,0,0,0,0,0,0,0,0,0,0,0,0,0,0,0,0,0,0,0,0,0,0,0,0,0,0,0,0,0,0,0,0,0,0,0,0,0,0,0,0,0,0,0,0,0,0,0,0,0,0,0,0,0,0,0,0,0,0,0,0,0,0,0,0,0,0,0,0,0,0,0,0,0,0,0,0,0,0,0,0,0,0,0,0,0,0,0,0,0,0,0,0,0,0,0,0,0,0,0,0,0,0,0,0,0,0,0,0,0,0,0,0,0,0,0,0,0,0,0,0,0,0,0,0,0,0,0,0,0,0,0,0,0,2,2,0,0,0,2,0,0,14,16,0,0,9,25,0,0,8,33,0,0,20,53,0,0,12,65,0,0,18,83,0,0,251,334,3,3,218,552,0,3,236,788,2,5,247,1035,4,9,294,1329,6,15,464,1793,9,24,503,2296,19,43,549,2845,18,61,789,3634,31,92,1016,4650,19,111,838,5488,21,132,1010,6498,52,184,1117,7615,75,259,1700,9315,76,335,1476,10791,82,417,1953,12744,62,479,1481,14225,61,540,1493,15718,77,617,1503,17221,110,727,1749,18970,118,845,1376,20346,114,959,1158,21504,117,1076,930,22434,200,1276,1171,23605,108,1384,639,24244,95,1479,1391,25635,123,1602,1366,27001,166,1768,1058,28059,153,1921,750,28809,75,1996,1214,30023,231,2227,768,30791,81,2308,633,31424,83,2391,576,32000,77,2468,667,32667,107,2575,1299,33966,238,2813,1330,35296,164,2977,1345,36641,108,3085,433,37074,70,3155
Minnesota,0,0,0,0,0,0,0,0,0,0,0,0,0,0,0,0,0,0,0,0,0,0,0,0,0,0,0,0,0,0,0,0,0,0,0,0,0,0,0,0,0,0,0,0,0,0,0,0,0,0,0,0,0,0,0,0,0,0,0,0,0,0,0,0,0,0,0,0,0,0,0,0,0,0,0,0,0,0,0,0,0,0,0,0,0,0,0,0,0,0,0,0,0,0,0,0,0,0,0,0,0,0,0,0,0,0,0,0,0,0,0,0,0,0,0,0,0,0,0,0,0,0,0,0,0,0,0,0,0,0,0,0,0,0,0,0,0,0,0,0,0,0,0,0,0,0,0,0,0,0,0,0,0,0,0,0,0,0,0,0,0,0,0,0,0,0,0,0,0,0,0,0,0,0,0,0,0,0,0,0,0,0,0,0,0,0,0,0,0,0,0,0,3,3,0,0,2,5,0,0,4,9,0,0,5,14,0,0,7,21,0,0,14,35,0,0,19,54,0,0,6,60,0,0,17,77,0,0,12,89,0,0,26,115,0,0,23,138,1,1,29,167,0,1,67,234,0,1,27,261,0,1,25,286,0,1,58,344,1,2,52,396,2,4,45,441,1,5,62,503,4,9,73,576,1,10,53,629,2,12,60,689,5,17,53,742,1,18,46,788,4,22,77,865,2,24,70,935,5,29,51,986,1,30,83,1069,4,34,85,1154,5,39,86,1240,11,50,96,1336,7,57,91,1427,7,64,194,1621,6,70,0,1621,0,70,74,1695,9,79,114,1809,8,87,0,1809,0,87,261,2070,24,111,139,2209,10,121,147,2356,13,134,114,2470,9,143,97,2567,17,160,155,2722,19,179,220,2942,21,200,243,3185,21,221,261,3446,23,244
Mississippi,0,0,0,0,0,0,0,0,0,0,0,0,0,0,0,0,0,0,0,0,0,0,0,0,0,0,0,0,0,0,0,0,0,0,0,0,0,0,0,0,0,0,0,0,0,0,0,0,0,0,0,0,0,0,0,0,0,0,0,0,0,0,0,0,0,0,0,0,0,0,0,0,0,0,0,0,0,0,0,0,0,0,0,0,0,0,0,0,0,0,0,0,0,0,0,0,0,0,0,0,0,0,0,0,0,0,0,0,0,0,0,0,0,0,0,0,0,0,0,0,0,0,0,0,0,0,0,0,0,0,0,0,0,0,0,0,0,0,0,0,0,0,0,0,0,0,0,0,0,0,0,0,0,0,0,0,0,0,0,0,0,0,0,0,0,0,0,0,0,0,0,0,0,0,0,0,0,0,0,0,0,0,0,0,0,0,0,0,0,0,0,0,0,0,0,0,0,0,0,0,1,1,0,0,0,1,0,0,5,6,0,0,4,10,0,0,3,13,0,0,8,21,0,0,13,34,0,0,16,50,1,1,30,80,0,1,60,140,0,1,67,207,0,1,42,249,0,1,71,320,0,1,57,377,2,3,108,485,3,6,94,579,2,8,84,663,5,13,96,759,1,14,88,847,2,16,90,937,4,20,136,1073,2,22,104,1177,4,26,181,1358,3,29,97,1455,6,35,183,1638,8,43,100,1738,8,51,177,1915,9,60,88,2003,7,67,257,2260,9,76,209,2469,6,82,173,2642,11,93,139,2781,3,96,161,2942,2,98,145,3087,13,111,273,3360,11,122,264,3624,7,129,169,3793,11,140,181,3974,12,152,300,4274,7,159,238,4512,10,169,204,4716,14,183,178,4894,10,193,259,5153,8,201,281,5434,8,209,284,5718,12,221
Missouri,0,0,0,0,0,0,0,0,0,0,0,0,0,0,0,0,0,0,0,0,0,0,0,0,0,0,0,0,0,0,0,0,0,0,0,0,0,0,0,0,0,0,0,0,0,0,0,0,0,0,0,0,0,0,0,0,0,0,0,0,0,0,0,0,0,0,0,0,0,0,0,0,0,0,0,0,0,0,0,0,0,0,0,0,0,0,0,0,0,0,0,0,0,0,0,0,0,0,0,0,0,0,0,0,0,0,0,0,0,0,0,0,0,0,0,0,0,0,0,0,0,0,0,0,0,0,0,0,0,0,0,0,0,0,0,0,0,0,0,0,0,0,0,0,0,0,0,0,0,0,0,0,0,0,0,0,0,0,0,0,0,0,0,0,0,0,0,0,0,0,0,0,0,0,0,0,0,0,0,0,0,0,0,0,0,0,0,0,0,0,0,0,1,1,0,0,0,1,0,0,0,1,0,0,1,2,0,0,2,4,0,0,1,5,0,0,1,6,0,0,5,11,0,0,7,18,0,0,13,31,1,1,22,53,1,2,21,74,1,3,13,87,0,3,100,187,1,4,70,257,3,7,97,354,1,8,166,520,1,9,146,666,0,9,170,836,1,10,79,915,3,13,136,1051,0,13,306,1357,2,15,256,1613,3,18,244,1857,4,22,7,1864,3,25,446,2310,8,33,37,2347,11,44,389,2736,3,47,394,3130,18,65,79,3209,21,86,223,3432,7,93,465,3897,6,99,211,4108,17,116,161,4269,2,118,246,4515,5,123,231,4746,26,149,45,4791,4,153,383,5174,16,169,197,5371,15,184,208,5579,13,197,164,5743,2,199,147,5890,1,200,176,6066,24,224,211,6277,14,238,229,6506,14,252,282,6788,20,272,147,6935,9,281
Montana,0,0,0,0,0,0,0,0,0,0,0,0,0,0,0,0,0,0,0,0,0,0,0,0,0,0,0,0,0,0,0,0,0,0,0,0,0,0,0,0,0,0,0,0,0,0,0,0,0,0,0,0,0,0,0,0,0,0,0,0,0,0,0,0,0,0,0,0,0,0,0,0,0,0,0,0,0,0,0,0,0,0,0,0,0,0,0,0,0,0,0,0,0,0,0,0,0,0,0,0,0,0,0,0,0,0,0,0,0,0,0,0,0,0,0,0,0,0,0,0,0,0,0,0,0,0,0,0,0,0,0,0,0,0,0,0,0,0,0,0,0,0,0,0,0,0,0,0,0,0,0,0,0,0,0,0,0,0,0,0,0,0,0,0,0,0,0,0,0,0,0,0,0,0,0,0,0,0,0,0,0,0,0,0,0,0,0,0,0,0,0,0,0,0,0,0,1,1,0,0,0,1,0,0,0,1,0,0,4,5,0,0,2,7,0,0,0,7,0,0,2,9,0,0,2,11,0,0,0,11,0,0,4,15,0,0,6,21,0,0,13,34,0,0,0,34,0,0,17,51,0,0,14,65,0,0,25,90,0,0,19,109,1,1,20,129,0,1,25,154,0,1,17,171,4,5,27,198,0,5,10,208,1,6,33,241,0,6,2,243,-1,5,22,265,1,6,21,286,0,6,13,299,0,6,20,319,0,6,13,332,0,6,22,354,0,6,11,365,0,6,12,377,0,6,10,387,0,6,7,394,1,7,5,399,0,7,5,404,0,7,11,415,0,7,7,422,1,8,4,426,2,10,7,433,0,10,0,433,0,10,4,437,2,12,2,439,2,14,3,442,0,14,2,444,0,14,1,445,0,14
Nebraska,0,0,0,0,0,0,0,0,0,0,0,0,0,0,0,0,0,0,0,0,0,0,0,0,0,0,0,0,0,0,0,0,0,0,0,0,0,0,0,0,0,0,0,0,0,0,0,0,0,0,0,0,0,0,0,0,0,0,0,0,0,0,0,0,0,0,0,0,0,0,0,0,0,0,0,0,0,0,0,0,0,0,0,0,0,0,0,0,0,0,0,0,0,0,0,0,0,0,0,0,0,0,0,0,0,0,0,0,0,0,0,0,0,0,0,0,0,0,0,0,0,0,0,0,0,0,0,0,0,0,0,0,0,0,0,0,0,0,0,0,0,0,0,0,0,0,0,0,0,0,0,0,0,0,0,0,0,0,0,0,0,0,0,0,0,0,0,0,0,0,0,0,0,0,0,0,0,0,0,0,0,0,0,0,0,0,0,0,0,0,0,0,3,3,0,0,2,5,0,0,5,10,0,0,3,13,0,0,1,14,0,0,3,17,0,0,1,18,0,0,3,21,0,0,3,24,0,0,5,29,0,0,8,37,0,0,1,38,0,0,13,51,0,0,0,51,0,0,15,66,0,0,5,71,0,0,3,74,0,0,8,82,0,0,14,96,2,2,12,108,0,2,37,145,0,2,27,172,1,3,38,210,1,4,36,246,1,5,33,279,1,6,42,321,0,6,43,364,2,8,53,417,1,9,30,447,1,10,72,519,2,12,49,568,2,14,67,635,1,15,64,699,2,17,92,791,0,17,23,814,0,17,83,897,3,20,4,901,0,20,51,952,1,21,114,1066,3,24,183,1249,0,24,225,1474,4,28,174,1648,5,33,37,1685,0,33,128,1813,5,38,389,2202,9,47,222,2424,3,50,295,2719,0,50
Nevada,0,0,0,0,0,0,0,0,0,0,0,0,0,0,0,0,0,0,0,0,0,0,0,0,0,0,0,0,0,0,0,0,0,0,0,0,0,0,0,0,0,0,0,0,0,0,0,0,0,0,0,0,0,0,0,0,0,0,0,0,0,0,0,0,0,0,0,0,0,0,0,0,0,0,0,0,0,0,0,0,0,0,0,0,0,0,0,0,0,0,0,0,0,0,0,0,0,0,0,0,0,0,0,0,0,0,0,0,0,0,0,0,0,0,0,0,0,0,0,0,0,0,0,0,0,0,0,0,0,0,0,0,0,0,0,0,0,0,0,0,0,0,0,0,0,0,0,0,0,0,0,0,0,0,0,0,0,0,0,0,0,0,0,0,0,0,0,0,0,0,0,0,0,0,0,0,0,0,0,0,0,0,0,0,0,0,0,0,0,0,0,0,4,4,0,0,3,7,0,0,7,14,0,0,3,17,0,0,4,21,0,0,3,24,0,0,21,45,1,1,11,56,0,1,-1,55,0,1,40,95,0,1,19,114,0,1,47,161,1,2,29,190,0,2,55,245,2,4,33,278,0,4,45,323,2,6,97,420,4,10,116,536,0,10,90,626,0,10,294,920,5,15,92,1012,0,15,102,1114,11,26,165,1279,5,31,184,1463,7,38,51,1514,5,43,228,1742,3,46,113,1855,0,46,98,1953,0,46,171,2124,26,72,135,2259,0,72,197,2456,9,81,266,2722,9,90,-20,2702,12,102,134,2836,10,112,154,2990,2,114,144,3134,12,126,77,3211,5,131,3,3214,6,137,310,3524,5,142,102,3626,9,151,102,3728,7,158,102,3830,1,159,107,3937,4,163,144,4081,9,172,127,4208,23,195,190,4398,2,197,141,4539,8,205
New Brunswick,0,0,0,0,0,0,0,0,0,0,0,0,0,0,0,0,0,0,0,0,0,0,0,0,0,0,0,0,0,0,0,0,0,0,0,0,0,0,0,0,0,0,0,0,0,0,0,0,0,0,0,0,0,0,0,0,0,0,0,0,0,0,0,0,0,0,0,0,0,0,0,0,0,0,0,0,0,0,0,0,0,0,0,0,0,0,0,0,0,0,0,0,0,0,0,0,0,0,0,0,0,0,0,0,0,0,0,0,0,0,0,0,0,0,0,0,0,0,0,0,0,0,0,0,0,0,0,0,0,0,0,0,0,0,0,0,0,0,0,0,0,0,0,0,0,0,0,0,0,0,0,0,0,0,0,0,0,0,0,0,0,0,0,0,0,0,0,0,0,0,0,0,0,0,0,0,0,0,0,0,0,0,0,0,0,0,0,0,0,0,0,0,0,0,0,0,1,1,0,0,0,1,0,0,0,1,0,0,0,1,0,0,1,2,0,0,4,6,0,0,2,8,0,0,3,11,0,0,0,11,0,0,0,11,0,0,6,17,0,0,0,17,0,0,0,17,0,0,1,18,0,0,0,18,0,0,15,33,0,0,12,45,0,0,6,51,0,0,15,66,0,0,2,68,0,0,2,70,0,0,11,81,0,0,10,91,0,0,0,91,0,0,0,91,0,0,7,98,0,0,5,103,0,0,2,105,0,0,0,105,0,0,3,108,0,0,4,112,0,0,0,112,0,0,2,114,0,0,2,116,0,0,0,116,0,0,1,117,0,0,0,117,0,0,0,117,0,0,0,117,0,0,1,118,0,0,0,118,0,0,0,118,0,0,0,118,0,0,0,118,0,0,0,118,0,0,0,118,0,0
New Hampshire,0,0,0,0,0,0,0,0,0,0,0,0,0,0,0,0,0,0,0,0,0,0,0,0,0,0,0,0,0,0,0,0,0,0,0,0,0,0,0,0,0,0,0,0,0,0,0,0,0,0,0,0,0,0,0,0,0,0,0,0,0,0,0,0,0,0,0,0,0,0,0,0,0,0,0,0,0,0,0,0,0,0,0,0,0,0,0,0,0,0,0,0,0,0,0,0,0,0,0,0,0,0,0,0,0,0,0,0,0,0,0,0,0,0,0,0,0,0,0,0,0,0,0,0,0,0,0,0,0,0,0,0,0,0,0,0,0,0,0,0,0,0,0,0,0,0,0,0,0,0,0,0,0,0,0,0,0,0,0,0,0,0,0,0,0,0,0,0,0,0,0,0,0,0,0,0,0,0,0,0,0,0,0,0,0,0,0,0,0,0,0,0,4,4,0,0,1,5,0,0,1,6,0,0,0,6,0,0,1,7,0,0,6,13,0,0,4,17,0,0,9,26,0,0,0,26,0,0,18,44,0,0,0,44,0,0,11,55,0,0,19,74,0,0,27,101,1,1,0,101,0,1,7,108,0,1,29,137,0,1,21,158,0,1,29,187,1,2,27,214,0,2,100,314,1,3,43,357,0,3,10,367,0,3,-51,316,0,3,163,479,2,5,61,540,2,7,81,621,2,9,94,715,0,9,0,715,0,9,32,747,4,13,72,819,8,21,0,819,0,21,66,885,1,22,44,929,1,23,56,985,0,23,-63,922,2,25,217,1139,7,32,0,1139,0,32,148,1287,5,37,55,1342,1,38,48,1390,0,38,57,1447,4,42,43,1490,0,42,98,1588,6,48,82,1670,3,51,50,1720,2,53,77,1797,0,53
New Jersey,0,0,0,0,0,0,0,0,0,0,0,0,0,0,0,0,0,0,0,0,0,0,0,0,0,0,0,0,0,0,0,0,0,0,0,0,0,0,0,0,0,0,0,0,0,0,0,0,0,0,0,0,0,0,0,0,0,0,0,0,0,0,0,0,0,0,0,0,0,0,0,0,0,0,0,0,0,0,0,0,0,0,0,0,0,0,0,0,0,0,0,0,0,0,0,0,0,0,0,0,0,0,0,0,0,0,0,0,0,0,0,0,0,0,0,0,0,0,0,0,0,0,0,0,0,0,0,0,0,0,0,0,0,0,0,0,0,0,0,0,0,0,0,0,0,0,0,0,0,0,0,0,0,0,0,0,0,0,0,0,0,0,0,0,0,0,0,0,0,0,0,0,0,0,0,0,0,0,0,0,0,0,0,0,0,0,0,0,0,0,0,0,15,15,1,1,8,23,0,1,6,29,0,1,0,29,0,1,40,69,0,1,29,98,1,2,80,178,0,2,89,267,1,3,0,267,0,3,475,742,6,9,148,890,2,11,437,1327,5,16,587,1914,4,20,930,2844,7,27,831,3675,17,44,727,4402,18,62,2474,6876,19,81,1949,8825,27,108,2299,11124,32,140,2262,13386,21,161,3250,16636,37,198,2060,18696,69,267,3559,22255,88,355,3335,25590,182,537,4305,29895,109,646,4229,34124,200,846,3381,37505,71,917,3585,41090,86,1003,3326,44416,229,1232,3021,47437,272,1504,3590,51027,205,1709,3561,54588,223,1932,3563,58151,251,2183,3699,61850,167,2350,2734,64584,93,2443,4240,68824,362,2805,2206,71030,351,3156,4287,75317,362,3518,3150,78467,322,3840,2953,81420,230,4070,3881,85301,292,4362,3421,88722,134,4496,3665,92387,257,4753,3527,95914,397,5150,4111,100025,276,5426,2171,102196,257,5683,3302,105498,231,5914
New Mexico,0,0,0,0,0,0,0,0,0,0,0,0,0,0,0,0,0,0,0,0,0,0,0,0,0,0,0,0,0,0,0,0,0,0,0,0,0,0,0,0,0,0,0,0,0,0,0,0,0,0,0,0,0,0,0,0,0,0,0,0,0,0,0,0,0,0,0,0,0,0,0,0,0,0,0,0,0,0,0,0,0,0,0,0,0,0,0,0,0,0,0,0,0,0,0,0,0,0,0,0,0,0,0,0,0,0,0,0,0,0,0,0,0,0,0,0,0,0,0,0,0,0,0,0,0,0,0,0,0,0,0,0,0,0,0,0,0,0,0,0,0,0,0,0,0,0,0,0,0,0,0,0,0,0,0,0,0,0,0,0,0,0,0,0,0,0,0,0,0,0,0,0,0,0,0,0,0,0,0,0,0,0,0,0,0,0,0,0,0,0,0,0,0,0,0,0,3,3,0,0,2,5,0,0,5,10,0,0,0,10,0,0,3,13,0,0,4,17,0,0,6,23,0,0,0,23,0,0,12,35,0,0,8,43,0,0,0,43,0,0,14,57,0,0,26,83,0,0,17,100,0,0,13,113,1,1,0,113,0,1,23,136,0,1,72,208,0,1,29,237,1,2,0,237,0,2,78,315,2,4,25,340,1,5,48,388,1,6,146,534,4,10,0,534,0,10,136,670,2,12,87,757,0,12,119,876,1,13,26,902,0,13,-37,865,3,16,216,1081,1,17,10,1091,2,19,154,1245,7,26,17,1262,0,26,83,1345,5,31,139,1484,5,36,0,1484,0,36,113,1597,8,44,201,1798,9,53,47,1845,2,55,126,1971,3,58,0,1971,0,58,239,2210,13,71,169,2379,7,78,142,2521,6,84,139,2660,9,93
New York,0,0,0,0,0,0,0,0,0,0,0,0,0,0,0,0,0,0,0,0,0,0,0,0,0,0,0,0,0,0,0,0,0,0,0,0,0,0,0,0,0,0,0,0,0,0,0,0,0,0,0,0,0,0,0,0,0,0,0,0,0,0,0,0,0,0,0,0,0,0,0,0,0,0,0,0,0,0,0,0,0,0,0,0,0,0,0,0,0,0,0,0,0,0,0,0,0,0,0,0,0,0,0,0,0,0,0,0,0,0,0,0,0,0,0,0,0,0,0,0,0,0,0,0,0,0,0,0,0,0,0,0,0,0,0,0,0,0,0,0,0,0,0,0,0,0,0,0,0,0,0,0,0,0,0,0,0,0,0,0,0,0,0,0,0,0,0,0,0,0,0,0,0,0,0,0,0,0,0,0,0,0,0,0,0,0,0,0,0,0,0,0,173,173,0,0,47,220,0,0,108,328,0,0,93,421,0,0,104,525,2,2,207,732,1,3,235,967,7,10,739,1706,3,13,789,2495,3,16,2870,5365,18,34,2945,8310,8,42,3400,11710,18,60,4090,15800,57,117,5084,20884,41,158,4797,25681,52,210,5160,30841,75,285,7036,37877,100,385,6999,44876,142,527,7534,52410,201,728,7238,59648,237,965,7015,66663,253,1218,9170,75833,332,1550,8115,83948,391,1941,8558,92506,432,2373,10481,102987,562,2935,10846,113833,630,3565,9327,123160,594,4159,8655,131815,539,4698,8060,139875,791,5489,11186,151061,779,6268,10718,161779,799,7067,10569,172348,800,7867,8678,181026,760,8627,8007,189033,758,9385,6716,195749,673,10058,7271,203020,784,10842,11434,214454,775,11617,9237,223691,3215,14832,6906,230597,2299,17131,11115,241712,540,17671,6103,247815,627,18298,5245,253060,313,18611,5301,258361,493,19104,4931,263292,309,19413,168,263460,1560,20973,8130,271590,438,21411,10553,282143,598,22009
Newfoundland and Labrador,0,0,0,0,0,0,0,0,0,0,0,0,0,0,0,0,0,0,0,0,0,0,0,0,0,0,0,0,0,0,0,0,0,0,0,0,0,0,0,0,0,0,0,0,0,0,0,0,0,0,0,0,0,0,0,0,0,0,0,0,0,0,0,0,0,0,0,0,0,0,0,0,0,0,0,0,0,0,0,0,0,0,0,0,0,0,0,0,0,0,0,0,0,0,0,0,0,0,0,0,0,0,0,0,0,0,0,0,0,0,0,0,0,0,0,0,0,0,0,0,0,0,0,0,0,0,0,0,0,0,0,0,0,0,0,0,0,0,0,0,0,0,0,0,0,0,0,0,0,0,0,0,0,0,0,0,0,0,0,0,0,0,0,0,0,0,0,0,0,0,0,0,0,0,0,0,0,0,0,0,0,0,0,0,0,0,0,0,0,0,0,0,0,0,0,0,0,0,0,0,0,0,0,0,0,0,0,0,0,0,0,0,1,1,0,0,0,1,0,0,2,3,0,0,0,3,0,0,0,3,0,0,1,4,0,0,2,6,0,0,3,9,0,0,15,24,0,0,11,35,0,0,0,35,0,0,47,82,0,0,20,102,0,0,18,120,0,0,15,135,0,0,13,148,1,1,4,152,0,1,23,175,0,1,8,183,0,1,12,195,0,1,0,195,0,1,22,217,0,1,9,226,0,1,2,228,0,1,0,228,0,1,4,232,1,2,7,239,1,3,2,241,0,3,1,242,0,3,2,244,0,3,0,244,0,3,3,247,0,3,5,252,0,3,4,256,0,3,1,257,0,3,0,257,0,3,0,257,0,3,0,257,0,3,-1,256,0,3,0,256,0,3,0,256,0,3,1,257,0,3
North Carolina,0,0,0,0,0,0,0,0,0,0,0,0,0,0,0,0,0,0,0,0,0,0,0,0,0,0,0,0,0,0,0,0,0,0,0,0,0,0,0,0,0,0,0,0,0,0,0,0,0,0,0,0,0,0,0,0,0,0,0,0,0,0,0,0,0,0,0,0,0,0,0,0,0,0,0,0,0,0,0,0,0,0,0,0,0,0,0,0,0,0,0,0,0,0,0,0,0,0,0,0,0,0,0,0,0,0,0,0,0,0,0,0,0,0,0,0,0,0,0,0,0,0,0,0,0,0,0,0,0,0,0,0,0,0,0,0,0,0,0,0,0,0,0,0,0,0,0,0,0,0,0,0,0,0,0,0,0,0,0,0,0,0,0,0,0,0,0,0,0,0,0,0,0,0,0,0,0,0,0,0,0,0,0,0,0,0,0,0,0,0,0,0,7,7,0,0,0,7,0,0,8,15,0,0,2,17,0,0,7,24,0,0,9,33,0,0,5,38,0,0,26,64,0,0,6,70,0,0,53,123,0,0,49,172,0,0,81,253,0,0,52,305,0,0,48,353,0,0,142,495,0,0,95,590,2,2,148,738,1,3,149,887,1,4,133,1020,1,5,171,1191,2,7,122,1313,0,7,222,1535,5,12,140,1675,2,14,302,1977,7,21,274,2251,6,27,235,2486,7,34,163,2649,4,38,313,2962,7,45,337,3299,8,53,200,3499,13,66,237,3736,10,76,229,3965,7,83,389,4354,6,89,216,4570,0,89,316,4886,5,94,227,5113,18,112,227,5340,18,130,299,5639,20,150,406,6045,27,177,283,6328,10,187,273,6601,13,200,294,6895,18,218,239,7134,27,245,361,7495,20,265,325,7820,16,281,470,8290,13,294,478,8768,11,305
North Dakota,0,0,0,0,0,0,0,0,0,0,0,0,0,0,0,0,0,0,0,0,0,0,0,0,0,0,0,0,0,0,0,0,0,0,0,0,0,0,0,0,0,0,0,0,0,0,0,0,0,0,0,0,0,0,0,0,0,0,0,0,0,0,0,0,0,0,0,0,0,0,0,0,0,0,0,0,0,0,0,0,0,0,0,0,0,0,0,0,0,0,0,0,0,0,0,0,0,0,0,0,0,0,0,0,0,0,0,0,0,0,0,0,0,0,0,0,0,0,0,0,0,0,0,0,0,0,0,0,0,0,0,0,0,0,0,0,0,0,0,0,0,0,0,0,0,0,0,0,0,0,0,0,0,0,0,0,0,0,0,0,0,0,0,0,0,0,0,0,0,0,0,0,0,0,0,0,0,0,0,0,0,0,0,0,0,0,0,0,0,0,0,0,0,0,0,0,0,0,0,0,1,1,0,0,0,1,0,0,0,1,0,0,0,1,0,0,0,1,0,0,2,3,0,0,3,6,0,0,12,18,0,0,1,19,0,0,9,28,0,0,0,28,0,0,2,30,0,0,6,36,0,0,9,45,0,0,6,51,0,0,17,68,1,1,26,94,0,1,4,98,0,1,11,109,1,2,13,122,1,3,20,142,0,3,17,159,0,3,14,173,0,3,13,186,0,3,21,207,0,3,18,225,0,3,12,237,1,4,14,251,0,4,18,269,1,5,9,278,1,6,15,293,1,7,15,308,0,7,23,331,1,8,10,341,0,8,24,365,1,9,28,393,0,9,0,393,0,9,135,528,0,9,57,585,0,9,42,627,0,9,17,644,4,13,35,679,1,14,30,709,1,15,39,748,0,15,55,803,1,16
Northern Mariana Islands,0,0,0,0,0,0,0,0,0,0,0,0,0,0,0,0,0,0,0,0,0,0,0,0,0,0,0,0,0,0,0,0,0,0,0,0,0,0,0,0,0,0,0,0,0,0,0,0,0,0,0,0,0,0,0,0,0,0,0,0,0,0,0,0,0,0,0,0,0,0,0,0,0,0,0,0,0,0,0,0,0,0,0,0,0,0,0,0,0,0,0,0,0,0,0,0,0,0,0,0,0,0,0,0,0,0,0,0,0,0,0,0,0,0,0,0,0,0,0,0,0,0,0,0,0,0,0,0,0,0,0,0,0,0,0,0,0,0,0,0,0,0,0,0,0,0,0,0,0,0,0,0,0,0,0,0,0,0,0,0,0,0,0,0,0,0,0,0,0,0,0,0,0,0,0,0,0,0,0,0,0,0,0,0,0,0,0,0,0,0,0,0,0,0,0,0,0,0,0,0,0,0,0,0,0,0,0,0,0,0,0,0,0,0,0,0,0,0,0,0,0,0,0,0,0,0,0,0,0,0,0,0,0,0,0,0,0,0,0,0,0,0,0,0,0,0,0,0,0,0,0,0,0,0,0,0,0,0,0,0,0,0,0,0,0,0,0,0,0,0,0,0,0,0,0,0,2,2,0,0,4,6,1,1,0,6,0,1,2,8,0,1,0,8,0,1,0,8,0,1,0,8,0,1,0,8,1,2,3,11,0,2,0,11,0,2,0,11,0,2,0,11,0,2,0,11,0,2,0,11,0,2,0,11,0,2,2,13,0,2,0,13,0,2,0,13,0,2,1,14,0,2,0,14,0,2,0,14,0,2,0,14,0,2,0,14,0,2,0,14,0,2,0,14,0,2,0,14,0,2
Northwest Territories,0,0,0,0,0,0,0,0,0,0,0,0,0,0,0,0,0,0,0,0,0,0,0,0,0,0,0,0,0,0,0,0,0,0,0,0,0,0,0,0,0,0,0,0,0,0,0,0,0,0,0,0,0,0,0,0,0,0,0,0,0,0,0,0,0,0,0,0,0,0,0,0,0,0,0,0,0,0,0,0,0,0,0,0,0,0,0,0,0,0,0,0,0,0,0,0,0,0,0,0,0,0,0,0,0,0,0,0,0,0,0,0,0,0,0,0,0,0,0,0,0,0,0,0,0,0,0,0,0,0,0,0,0,0,0,0,0,0,0,0,0,0,0,0,0,0,0,0,0,0,0,0,0,0,0,0,0,0,0,0,0,0,0,0,0,0,0,0,0,0,0,0,0,0,0,0,0,0,0,0,0,0,0,0,0,0,0,0,0,0,0,0,0,0,0,0,0,0,0,0,0,0,0,0,0,0,0,0,0,0,0,0,0,0,0,0,0,0,0,0,0,0,0,0,0,0,0,0,0,0,0,0,0,0,0,0,1,1,0,0,0,1,0,0,0,0,0,0,0,0,0,0,0,0,0,0,1,1,0,0,0,1,0,0,0,1,0,0,0,1,0,0,0,1,0,0,0,1,0,0,1,2,0,0,0,2,0,0,0,2,0,0,2,4,0,0,0,4,0,0,1,5,0,0,0,5,0,0,0,5,0,0,0,5,0,0,0,5,0,0,0,5,0,0,0,5,0,0,0,5,0,0,0,5,0,0,0,5,0,0,0,5,0,0,0,5,0,0,0,5,0,0,0,5,0,0,0,5,0,0,0,5,0,0,0,5,0,0,0,5,0,0,0,5,0,0,0,5,0,0
Ohio,0,0,0,0,0,0,0,0,0,0,0,0,0,0,0,0,0,0,0,0,0,0,0,0,0,0,0,0,0,0,0,0,0,0,0,0,0,0,0,0,0,0,0,0,0,0,0,0,0,0,0,0,0,0,0,0,0,0,0,0,0,0,0,0,0,0,0,0,0,0,0,0,0,0,0,0,0,0,0,0,0,0,0,0,0,0,0,0,0,0,0,0,0,0,0,0,0,0,0,0,0,0,0,0,0,0,0,0,0,0,0,0,0,0,0,0,0,0,0,0,0,0,0,0,0,0,0,0,0,0,0,0,0,0,0,0,0,0,0,0,0,0,0,0,0,0,0,0,0,0,0,0,0,0,0,0,0,0,0,0,0,0,0,0,0,0,0,0,0,0,0,0,0,0,0,0,0,0,0,0,0,0,0,0,0,0,0,0,0,0,0,0,3,3,0,0,1,4,0,0,1,5,0,0,8,13,0,0,13,26,0,0,11,37,0,0,13,50,0,0,17,67,0,0,19,86,0,0,33,119,0,0,54,173,2,2,75,248,1,3,108,356,0,3,87,443,3,6,124,567,2,8,137,704,3,11,164,868,4,15,269,1137,4,19,269,1406,6,25,247,1653,4,29,280,1933,11,40,266,2199,15,55,348,2547,10,65,354,2901,16,81,411,3312,10,91,427,3739,11,102,304,4043,17,119,410,4453,23,142,329,4782,25,167,366,5148,26,193,364,5512,20,213,366,5878,18,231,372,6250,16,247,354,6604,6,253,371,6975,21,274,310,7285,50,324,509,7794,38,362,620,8414,45,407,693,9107,11,418,1115,10222,33,451,1380,11602,20,471,1317,12919,38,509,806,13725,48,557,392,14117,53,610,577,14694,46,656,475,15169,34,690,418,15587,21,711
Oklahoma,0,0,0,0,0,0,0,0,0,0,0,0,0,0,0,0,0,0,0,0,0,0,0,0,0,0,0,0,0,0,0,0,0,0,0,0,0,0,0,0,0,0,0,0,0,0,0,0,0,0,0,0,0,0,0,0,0,0,0,0,0,0,0,0,0,0,0,0,0,0,0,0,0,0,0,0,0,0,0,0,0,0,0,0,0,0,0,0,0,0,0,0,0,0,0,0,0,0,0,0,0,0,0,0,0,0,0,0,0,0,0,0,0,0,0,0,0,0,0,0,0,0,0,0,0,0,0,0,0,0,0,0,0,0,0,0,0,0,0,0,0,0,0,0,0,0,0,0,0,0,0,0,0,0,0,0,0,0,0,0,0,0,0,0,0,0,0,0,0,0,0,0,0,0,0,0,0,0,0,0,0,0,0,0,0,0,0,0,0,0,0,0,2,2,0,0,0,2,0,0,0,2,0,0,0,2,0,0,2,4,0,0,3,7,0,0,3,10,0,0,9,19,0,0,0,19,0,0,25,44,1,1,5,49,0,1,4,53,0,1,14,67,1,2,14,81,0,2,25,106,1,3,58,164,2,5,84,248,2,7,74,322,1,8,55,377,7,15,52,429,1,16,52,481,0,16,87,568,7,23,153,721,7,30,160,881,4,34,109,990,4,38,171,1161,4,42,93,1254,4,46,75,1329,5,51,145,1474,16,67,52,1526,12,79,160,1686,1,80,108,1794,8,88,74,1868,6,94,102,1970,2,96,99,2069,3,99,115,2184,9,108,79,2263,15,123,94,2357,8,131,108,2465,5,136,0,2465,0,136,102,2567,4,140,113,2680,3,143,127,2807,21,164,87,2894,6,170,123,3017,9,179,104,3121,9,188,73,3194,6,194
Ontario,0,0,0,0,0,0,0,0,0,0,0,0,0,0,0,0,1,1,0,0,0,1,0,0,0,1,0,0,0,1,0,0,1,2,0,0,0,2,0,0,1,3,0,0,0,3,0,0,0,3,0,0,0,0,0,0,0,0,0,0,0,0,0,0,0,0,0,0,0,0,0,0,0,0,0,0,0,0,0,0,0,0,0,0,0,0,0,0,0,0,0,0,0,0,0,0,0,0,0,0,0,0,0,0,0,0,0,0,0,0,0,0,0,0,0,0,0,0,0,0,0,0,0,0,0,0,0,0,0,0,0,0,0,0,0,0,0,0,0,0,0,0,0,0,0,0,0,0,0,0,0,0,0,0,0,0,0,0,0,0,0,0,0,0,0,0,0,0,0,0,0,0,0,0,0,0,0,0,0,0,0,0,0,0,0,0,0,0,34,34,0,0,2,36,0,0,5,41,0,0,1,42,0,0,32,74,0,0,5,79,0,0,25,104,0,0,73,177,0,0,8,185,1,1,36,221,0,1,36,257,0,1,51,308,1,2,69,377,1,3,48,425,2,5,78,503,1,6,85,588,1,7,100,688,1,8,170,858,5,13,136,994,5,18,150,1144,0,18,211,1355,3,21,351,1706,10,31,260,1966,2,33,426,2392,4,37,401,2793,16,53,462,3255,14,67,375,3630,27,94,724,4354,25,119,-7,4347,31,150,379,4726,3,153,550,5276,0,153,483,5759,47,200,478,6237,22,222,411,6648,31,253,401,7049,21,274,421,7470,17,291,483,7953,43,334,494,8447,51,385,1393,9840,105,490,616,10456,34,524,557,11013,40,564,548,11561,27,591,502,12063,33,624,652,12715,70,694,1003,13718,68,762,350,14068,44,806,482,14550,56,862,462,15012,54,916
Oregon,0,0,0,0,0,0,0,0,0,0,0,0,0,0,0,0,0,0,0,0,0,0,0,0,0,0,0,0,0,0,0,0,0,0,0,0,0,0,0,0,0,0,0,0,0,0,0,0,0,0,0,0,0,0,0,0,0,0,0,0,0,0,0,0,0,0,0,0,0,0,0,0,0,0,0,0,0,0,0,0,0,0,0,0,0,0,0,0,0,0,0,0,0,0,0,0,0,0,0,0,0,0,0,0,0,0,0,0,0,0,0,0,0,0,0,0,0,0,0,0,0,0,0,0,0,0,0,0,0,0,0,0,0,0,0,0,0,0,0,0,0,0,0,0,0,0,0,0,0,0,0,0,0,0,0,0,0,0,0,0,0,0,0,0,0,0,0,0,0,0,0,0,0,0,0,0,0,0,0,0,0,0,0,0,0,0,0,0,0,0,0,0,15,15,0,0,4,19,0,0,5,24,0,0,6,30,0,0,2,32,0,0,4,36,1,1,3,39,0,1,27,66,0,1,2,68,1,2,20,88,1,3,26,114,0,3,0,114,2,5,47,161,0,5,30,191,0,5,19,210,3,8,56,266,2,10,50,316,1,11,100,416,1,12,63,479,1,13,69,548,0,13,58,606,3,16,84,690,2,18,46,736,1,19,90,826,2,21,73,899,1,22,0,899,0,22,169,1068,5,27,0,1068,0,27,64,1132,2,29,49,1181,4,33,140,1321,11,44,1,1322,0,44,49,1371,4,48,156,1527,4,52,57,1584,1,53,49,1633,2,55,30,1663,3,58,73,1736,6,64,49,1785,6,70,59,1844,2,72,66,1910,2,74,47,1957,1,75,47,2004,3,78,55,2059,0,78,68,2127,5,83,50,2177,3,86,76,2253,1,87
Pennsylvania,0,0,0,0,0,0,0,0,0,0,0,0,0,0,0,0,0,0,0,0,0,0,0,0,0,0,0,0,0,0,0,0,0,0,0,0,0,0,0,0,0,0,0,0,0,0,0,0,0,0,0,0,0,0,0,0,0,0,0,0,0,0,0,0,0,0,0,0,0,0,0,0,0,0,0,0,0,0,0,0,0,0,0,0,0,0,0,0,0,0,0,0,0,0,0,0,0,0,0,0,0,0,0,0,0,0,0,0,0,0,0,0,0,0,0,0,0,0,0,0,0,0,0,0,0,0,0,0,0,0,0,0,0,0,0,0,0,0,0,0,0,0,0,0,0,0,0,0,0,0,0,0,0,0,0,0,0,0,0,0,0,0,0,0,0,0,0,0,0,0,0,0,0,0,0,0,0,0,0,0,0,0,0,0,0,0,0,0,0,0,0,0,12,12,0,0,4,16,0,0,6,22,0,0,19,41,0,0,6,47,0,0,19,66,0,0,11,77,0,0,35,112,0,0,40,152,0,0,54,206,1,1,97,303,0,1,93,396,1,2,113,509,2,4,189,698,2,6,248,946,2,8,314,1260,7,15,535,1795,3,18,550,2345,4,22,500,2845,12,34,587,3432,7,41,723,4155,9,50,808,4963,13,63,1046,6009,11,74,1259,7268,16,90,1302,8570,12,102,1874,10444,34,136,1145,11589,15,151,1538,13127,28,179,1726,14853,68,247,1778,16631,71,318,1669,18300,27,345,1751,20051,73,418,1668,21719,85,503,1219,22938,54,557,1354,24292,32,589,1173,25465,102,691,1288,26753,88,779,1505,28258,62,841,1630,29888,80,921,1764,31652,121,1042,1250,32902,234,1276,1012,33914,72,1348,1335,35249,266,1614,833,36082,59,1673,2297,38379,51,1724,1829,40208,23,1747,945,41153,46,1793
Prince Edward Island,0,0,0,0,0,0,0,0,0,0,0,0,0,0,0,0,0,0,0,0,0,0,0,0,0,0,0,0,0,0,0,0,0,0,0,0,0,0,0,0,0,0,0,0,0,0,0,0,0,0,0,0,0,0,0,0,0,0,0,0,0,0,0,0,0,0,0,0,0,0,0,0,0,0,0,0,0,0,0,0,0,0,0,0,0,0,0,0,0,0,0,0,0,0,0,0,0,0,0,0,0,0,0,0,0,0,0,0,0,0,0,0,0,0,0,0,0,0,0,0,0,0,0,0,0,0,0,0,0,0,0,0,0,0,0,0,0,0,0,0,0,0,0,0,0,0,0,0,0,0,0,0,0,0,0,0,0,0,0,0,0,0,0,0,0,0,0,0,0,0,0,0,0,0,0,0,0,0,0,0,0,0,0,0,0,0,0,0,0,0,0,0,0,0,0,0,0,0,0,0,0,0,0,0,0,0,0,0,0,0,0,0,1,1,0,0,0,1,0,0,0,1,0,0,0,1,0,0,1,2,0,0,0,2,0,0,0,2,0,0,1,3,0,0,0,3,0,0,0,3,0,0,2,5,0,0,0,5,0,0,4,9,0,0,2,11,0,0,0,11,0,0,7,18,0,0,3,21,0,0,0,21,0,0,1,22,0,0,0,22,0,0,0,22,0,0,0,22,0,0,0,22,0,0,0,22,0,0,3,25,1,1,0,25,-1,0,0,25,0,0,0,25,0,0,0,25,0,0,0,25,0,0,0,25,0,0,1,26,0,0,0,26,0,0,0,26,0,0,0,26,0,0,0,26,0,0,0,26,0,0,0,26,0,0,0,26,0,0,0,26,0,0,0,26,0,0,0,26,0,0
Puerto Rico,0,0,0,0,0,0,0,0,0,0,0,0,0,0,0,0,0,0,0,0,0,0,0,0,0,0,0,0,0,0,0,0,0,0,0,0,0,0,0,0,0,0,0,0,0,0,0,0,0,0,0,0,0,0,0,0,0,0,0,0,0,0,0,0,0,0,0,0,0,0,0,0,0,0,0,0,0,0,0,0,0,0,0,0,0,0,0,0,0,0,0,0,0,0,0,0,0,0,0,0,0,0,0,0,0,0,0,0,0,0,0,0,0,0,0,0,0,0,0,0,0,0,0,0,0,0,0,0,0,0,0,0,0,0,0,0,0,0,0,0,0,0,0,0,0,0,0,0,0,0,0,0,0,0,0,0,0,0,0,0,0,0,0,0,0,0,0,0,0,0,0,0,0,0,0,0,0,0,0,0,0,0,0,0,0,0,0,0,0,0,0,0,0,0,0,0,0,0,0,0,0,0,0,0,0,0,0,0,3,3,0,0,2,5,0,0,0,5,0,0,0,5,0,0,0,5,0,0,0,5,0,0,9,14,0,0,7,21,1,1,2,23,0,1,8,31,1,2,8,39,0,2,12,51,0,2,13,64,0,2,15,79,1,3,21,100,0,3,27,127,0,3,47,174,3,6,65,239,2,8,47,286,3,11,30,316,1,12,0,316,3,15,136,452,3,18,23,475,2,20,38,513,1,21,60,573,2,23,47,620,1,24,63,683,9,33,42,725,6,39,63,788,3,42,109,897,2,44,6,903,1,45,20,923,0,45,51,974,6,51,69,1043,5,56,25,1068,2,58,50,1118,2,60,95,1213,2,62,39,1252,1,63,46,1298,1,64,-46,1252,-1,63,164,1416,6,69,-140,1276,8,77,31,1307,6,83
Quebec,0,0,0,0,0,0,0,0,0,0,0,0,0,0,0,0,0,0,0,0,0,0,0,0,0,0,0,0,0,0,0,0,0,0,0,0,0,0,0,0,0,0,0,0,0,0,0,0,0,0,0,0,0,0,0,0,0,0,0,0,0,0,0,0,0,0,0,0,0,0,0,0,0,0,0,0,0,0,0,0,0,0,0,0,0,0,0,0,0,0,0,0,0,0,0,0,0,0,0,0,0,0,0,0,0,0,0,0,0,0,0,0,0,0,0,0,0,0,0,0,0,0,0,0,0,0,0,0,0,0,0,0,0,0,0,0,0,0,0,0,0,0,0,0,0,0,0,0,0,0,0,0,0,0,0,0,0,0,0,0,0,0,0,0,0,0,0,0,0,0,0,0,0,0,0,0,0,0,0,0,0,0,0,0,0,0,0,0,3,3,0,0,1,4,0,0,4,8,0,0,1,9,0,0,8,17,0,0,0,17,0,0,7,24,0,0,26,50,0,0,24,74,0,0,20,94,0,0,27,121,1,1,18,139,0,1,42,181,4,5,38,219,-1,4,409,628,0,4,385,1013,0,4,329,1342,2,6,290,1632,2,8,392,2024,10,18,474,2498,4,22,342,2840,0,22,590,3430,0,22,732,4162,9,31,449,4611,2,33,907,5518,3,36,583,6101,25,61,0,6101,0,61,1843,7944,14,75,636,8580,46,121,760,9340,29,150,691,10031,25,175,881,10912,41,216,765,11677,25,241,615,12292,48,289,554,12846,39,328,711,13557,32,360,691,14248,75,435,612,14860,52,487,997,15857,143,630,941,16798,58,688,723,17521,0,688,429,17950,132,820,1369,19319,119,939,807,20126,105,1044,839,20965,90,1134,873,21838,109,1243,778,22616,97,1340,651,23267,106,1446
Rhode Island,0,0,0,0,0,0,0,0,0,0,0,0,0,0,0,0,0,0,0,0,0,0,0,0,0,0,0,0,0,0,0,0,0,0,0,0,0,0,0,0,0,0,0,0,0,0,0,0,0,0,0,0,0,0,0,0,0,0,0,0,0,0,0,0,0,0,0,0,0,0,0,0,0,0,0,0,0,0,0,0,0,0,0,0,0,0,0,0,0,0,0,0,0,0,0,0,0,0,0,0,0,0,0,0,0,0,0,0,0,0,0,0,0,0,0,0,0,0,0,0,0,0,0,0,0,0,0,0,0,0,0,0,0,0,0,0,0,0,0,0,0,0,0,0,0,0,0,0,0,0,0,0,0,0,0,0,0,0,0,0,0,0,0,0,0,0,0,0,0,0,0,0,0,0,0,0,0,0,0,0,0,0,0,0,0,0,0,0,0,0,0,0,3,3,0,0,2,5,0,0,0,5,0,0,9,14,0,0,6,20,0,0,0,20,0,0,1,21,0,0,2,23,0,0,10,33,0,0,11,44,0,0,10,54,0,0,12,66,0,0,17,83,0,0,23,106,0,0,18,124,0,0,8,132,0,0,33,165,0,0,38,203,0,0,36,239,2,2,55,294,1,3,114,408,1,4,80,488,4,8,78,566,2,10,79,645,2,12,66,711,2,14,95,806,3,17,116,922,8,25,160,1082,2,27,147,1229,3,30,221,1450,5,35,277,1727,8,43,0,1727,0,43,622,2349,13,56,316,2665,7,63,0,2665,0,63,586,3251,17,80,0,3251,0,80,278,3529,7,87,648,4177,31,118,314,4491,19,137,215,4706,13,150,384,5090,5,155,410,5500,16,171,341,5841,10,181,415,6256,8,189,443,6699,13,202,430,7129,13,215
Saskatchewan,0,0,0,0,0,0,0,0,0,0,0,0,0,0,0,0,0,0,0,0,0,0,0,0,0,0,0,0,0,0,0,0,0,0,0,0,0,0,0,0,0,0,0,0,0,0,0,0,0,0,0,0,0,0,0,0,0,0,0,0,0,0,0,0,0,0,0,0,0,0,0,0,0,0,0,0,0,0,0,0,0,0,0,0,0,0,0,0,0,0,0,0,0,0,0,0,0,0,0,0,0,0,0,0,0,0,0,0,0,0,0,0,0,0,0,0,0,0,0,0,0,0,0,0,0,0,0,0,0,0,0,0,0,0,0,0,0,0,0,0,0,0,0,0,0,0,0,0,0,0,0,0,0,0,0,0,0,0,0,0,0,0,0,0,0,0,0,0,0,0,0,0,0,0,0,0,0,0,0,0,0,0,0,0,0,0,0,0,0,0,0,0,0,0,0,0,0,0,0,0,0,0,0,0,2,2,0,0,0,2,0,0,0,2,0,0,5,7,0,0,0,7,0,0,1,8,0,0,8,16,0,0,4,20,0,0,6,26,0,0,26,52,0,0,14,66,0,0,6,72,0,0,0,72,0,0,23,95,0,0,0,95,0,0,39,134,0,0,22,156,0,0,0,156,2,2,28,184,0,2,9,193,1,3,13,206,0,3,14,220,0,3,0,220,0,3,29,249,0,3,0,249,0,3,11,260,0,3,0,260,0,3,11,271,0,3,14,285,0,3,4,289,1,4,9,298,0,4,2,300,0,4,0,300,0,4,4,304,0,4,1,305,0,4,2,307,0,4,6,313,0,4,2,315,0,4,1,316,0,4,4,320,0,4,6,326,0,4,5,331,0,4,10,341,0,4,8,349,0,4
South Carolina,0,0,0,0,0,0,0,0,0,0,0,0,0,0,0,0,0,0,0,0,0,0,0,0,0,0,0,0,0,0,0,0,0,0,0,0,0,0,0,0,0,0,0,0,0,0,0,0,0,0,0,0,0,0,0,0,0,0,0,0,0,0,0,0,0,0,0,0,0,0,0,0,0,0,0,0,0,0,0,0,0,0,0,0,0,0,0,0,0,0,0,0,0,0,0,0,0,0,0,0,0,0,0,0,0,0,0,0,0,0,0,0,0,0,0,0,0,0,0,0,0,0,0,0,0,0,0,0,0,0,0,0,0,0,0,0,0,0,0,0,0,0,0,0,0,0,0,0,0,0,0,0,0,0,0,0,0,0,0,0,0,0,0,0,0,0,0,0,0,0,0,0,0,0,0,0,0,0,0,0,0,0,0,0,0,0,0,0,0,0,0,0,7,7,0,0,3,10,0,0,2,12,0,0,1,13,0,0,6,19,0,0,9,28,0,0,5,33,1,1,14,47,0,1,0,47,0,1,34,81,0,1,45,126,0,1,45,171,2,3,25,196,0,3,102,298,2,5,44,342,0,5,82,424,2,7,0,424,2,9,118,542,4,13,118,660,2,15,114,774,1,16,151,925,2,18,158,1083,4,22,210,1293,4,26,261,1554,5,31,146,1700,3,34,217,1917,6,40,132,2049,4,44,183,2232,4,48,185,2417,3,51,0,2417,0,51,376,2793,16,67,274,3067,5,72,144,3211,8,80,109,3320,2,82,71,3391,0,82,162,3553,15,97,103,3656,9,106,275,3931,5,111,168,4099,5,116,149,4248,3,119,129,4377,1,120,69,4446,3,123,-7,4439,1,124,322,4761,16,140,156,4917,10,150,153,5070,7,157,183,5253,9,166
South Dakota,0,0,0,0,0,0,0,0,0,0,0,0,0,0,0,0,0,0,0,0,0,0,0,0,0,0,0,0,0,0,0,0,0,0,0,0,0,0,0,0,0,0,0,0,0,0,0,0,0,0,0,0,0,0,0,0,0,0,0,0,0,0,0,0,0,0,0,0,0,0,0,0,0,0,0,0,0,0,0,0,0,0,0,0,0,0,0,0,0,0,0,0,0,0,0,0,0,0,0,0,0,0,0,0,0,0,0,0,0,0,0,0,0,0,0,0,0,0,0,0,0,0,0,0,0,0,0,0,0,0,0,0,0,0,0,0,0,0,0,0,0,0,0,0,0,0,0,0,0,0,0,0,0,0,0,0,0,0,0,0,0,0,0,0,0,0,0,0,0,0,0,0,0,0,0,0,0,0,0,0,0,0,0,0,0,0,0,0,0,0,0,0,0,0,0,0,8,8,1,1,0,8,0,1,0,8,0,1,1,9,0,1,0,9,0,1,1,10,0,1,1,11,0,1,0,11,0,1,0,11,0,1,3,14,0,1,0,14,0,1,7,21,0,1,7,28,0,1,2,30,0,1,11,41,0,1,5,46,0,1,12,58,0,1,10,68,0,1,22,90,0,1,11,101,0,1,7,108,0,1,21,129,1,2,36,165,0,2,22,187,0,2,25,212,0,2,28,240,0,2,48,288,2,4,32,320,2,6,73,393,0,6,54,447,0,6,89,536,0,6,90,626,0,6,104,730,0,6,138,868,0,6,120,988,0,6,180,1168,0,6,143,1311,1,7,100,1411,0,7,131,1542,0,7,93,1635,0,7,50,1685,0,7,70,1755,1,8,103,1858,1,9,98,1956,0,9,84,2040,1,10,107,2147,0,10
Tennessee,0,0,0,0,0,0,0,0,0,0,0,0,0,0,0,0,0,0,0,0,0,0,0,0,0,0,0,0,0,0,0,0,0,0,0,0,0,0,0,0,0,0,0,0,0,0,0,0,0,0,0,0,0,0,0,0,0,0,0,0,0,0,0,0,0,0,0,0,0,0,0,0,0,0,0,0,0,0,0,0,0,0,0,0,0,0,0,0,0,0,0,0,0,0,0,0,0,0,0,0,0,0,0,0,0,0,0,0,0,0,0,0,0,0,0,0,0,0,0,0,0,0,0,0,0,0,0,0,0,0,0,0,0,0,0,0,0,0,0,0,0,0,0,0,0,0,0,0,0,0,0,0,0,0,0,0,0,0,0,0,0,0,0,0,0,0,0,0,0,0,0,0,0,0,0,0,0,0,0,0,0,0,0,0,0,0,0,0,0,0,0,0,7,7,0,0,2,9,0,0,9,18,0,0,8,26,0,0,6,32,0,0,7,39,0,0,13,52,0,0,22,74,0,0,5,79,0,0,75,154,0,0,79,233,0,0,138,371,1,1,134,505,1,2,109,614,0,2,158,772,0,2,144,916,1,3,181,1097,0,3,221,1318,3,6,193,1511,1,7,209,1720,1,8,197,1917,6,14,474,2391,9,23,542,2933,1,24,80,3013,12,36,54,3067,5,41,255,3322,9,50,311,3633,3,53,169,3802,12,65,337,4139,7,72,224,4363,8,80,271,4634,14,94,257,4891,4,98,241,5132,8,106,376,5508,0,106,102,5610,3,109,217,5827,15,124,0,5827,0,124,548,6375,12,136,-112,6263,5,141,326,6589,1,142,481,7070,6,148,168,7238,4,152,156,7394,5,157,0,7394,0,157,872,8266,14,171,462,8728,-2,169,461,9189,8,177
Texas,0,0,0,0,0,0,0,0,0,0,0,0,0,0,0,0,0,0,0,0,0,0,0,0,0,0,0,0,0,0,0,0,0,0,0,0,0,0,0,0,0,0,0,0,0,0,0,0,0,0,0,0,0,0,0,0,0,0,0,0,0,0,0,0,0,0,0,0,0,0,0,0,0,0,0,0,0,0,0,0,0,0,0,0,0,0,0,0,0,0,0,0,0,0,0,0,0,0,0,0,0,0,0,0,0,0,0,0,0,0,0,0,0,0,0,0,0,0,0,0,0,0,0,0,0,0,0,0,0,0,0,0,0,0,0,0,0,0,0,0,0,0,0,0,0,0,0,0,0,0,0,0,0,0,0,0,0,0,0,0,0,0,0,0,0,0,0,0,0,0,0,0,0,0,0,0,0,0,0,0,0,0,0,0,0,0,0,0,0,0,0,0,13,13,0,0,8,21,0,0,6,27,0,0,16,43,0,0,14,57,0,0,15,72,0,0,13,85,0,0,25,110,1,1,63,173,2,3,87,260,2,5,134,394,0,5,187,581,0,5,62,643,2,7,115,758,2,9,197,955,3,12,274,1229,3,15,334,1563,6,21,374,1937,5,26,518,2455,4,30,337,2792,7,37,355,3147,8,45,662,3809,9,54,546,4355,12,66,714,5069,11,77,665,5734,23,100,833,6567,16,116,642,7209,20,136,834,8043,14,150,882,8925,10,160,852,9777,29,189,1431,11208,21,210,897,12105,28,238,918,13023,28,266,654,13677,17,283,598,14275,22,305,731,15006,37,342,901,15907,33,375,969,16876,39,414,973,17849,37,451,855,18704,25,476,556,19260,14,490,491,19751,17,507,823,20574,26,533,747,21321,23,556,1329,22650,48,604,992,23642,20,624,511,24153,14,638
Utah,0,0,0,0,0,0,0,0,0,0,0,0,0,0,0,0,0,0,0,0,0,0,0,0,0,0,0,0,0,0,0,0,0,0,0,0,0,0,0,0,0,0,0,0,0,0,0,0,0,0,0,0,0,0,0,0,0,0,0,0,0,0,0,0,0,0,0,0,0,0,0,0,0,0,0,0,0,0,0,0,0,0,0,0,0,0,0,0,0,0,0,0,0,0,0,0,0,0,0,0,0,0,0,0,0,0,0,0,0,0,0,0,0,0,0,0,0,0,0,0,0,0,0,0,0,0,0,0,0,0,0,0,0,0,0,0,0,0,0,0,0,0,0,0,0,0,0,0,0,0,0,0,0,0,0,0,0,0,0,0,0,0,0,0,0,0,0,0,0,0,0,0,0,0,0,0,0,0,0,0,0,0,0,0,0,0,0,0,0,0,0,0,2,2,0,0,1,3,0,0,2,5,0,0,4,9,0,0,1,10,0,0,18,28,0,0,11,39,0,0,12,51,0,0,0,51,0,0,29,80,0,0,-2,78,0,0,58,136,0,0,26,162,1,1,95,257,0,1,41,298,0,1,42,340,0,1,56,396,0,1,76,472,0,1,130,602,0,1,118,720,1,2,78,798,2,4,90,888,1,5,0,888,0,5,204,1092,2,7,163,1255,0,7,180,1435,1,8,173,1608,0,8,77,1685,5,13,61,1746,0,13,109,1855,0,13,1,1856,0,13,247,2103,4,17,104,2207,1,18,96,2303,0,18,60,2363,-5,13,54,2417,5,18,131,2548,2,20,135,2683,0,20,110,2793,3,23,124,2917,2,25,152,3069,2,27,144,3213,1,28,84,3297,4,32,148,3445,0,32,167,3612,3,35,170,3782,4,39,166,3948,2,41
Vermont,0,0,0,0,0,0,0,0,0,0,0,0,0,0,0,0,0,0,0,0,0,0,0,0,0,0,0,0,0,0,0,0,0,0,0,0,0,0,0,0,0,0,0,0,0,0,0,0,0,0,0,0,0,0,0,0,0,0,0,0,0,0,0,0,0,0,0,0,0,0,0,0,0,0,0,0,0,0,0,0,0,0,0,0,0,0,0,0,0,0,0,0,0,0,0,0,0,0,0,0,0,0,0,0,0,0,0,0,0,0,0,0,0,0,0,0,0,0,0,0,0,0,0,0,0,0,0,0,0,0,0,0,0,0,0,0,0,0,0,0,0,0,0,0,0,0,0,0,0,0,0,0,0,0,0,0,0,0,0,0,0,0,0,0,0,0,0,0,0,0,0,0,0,0,0,0,0,0,0,0,0,0,0,0,0,0,0,0,0,0,0,0,1,1,0,0,0,1,0,0,1,2,0,0,0,2,0,0,3,5,0,0,3,8,0,0,4,12,0,0,0,12,0,0,6,18,0,0,4,22,0,0,7,29,2,2,0,29,0,2,23,52,0,2,23,75,3,5,20,95,2,7,30,125,1,8,33,158,1,9,26,184,1,10,27,211,2,12,24,235,0,12,21,256,0,12,37,293,1,13,28,321,3,16,17,338,1,17,51,389,0,17,72,461,3,20,51,512,2,22,31,543,1,23,32,575,0,23,30,605,0,23,23,628,0,23,51,679,1,24,32,711,1,25,16,727,2,27,21,748,1,28,4,752,1,29,7,759,0,29,15,774,4,33,5,779,2,35,24,803,3,38,10,813,0,38,3,816,0,38,2,818,2,40,5,823,0,40,2,825,3,43,2,827,1,44,16,843,2,46
Virgin Islands,0,0,0,0,0,0,0,0,0,0,0,0,0,0,0,0,0,0,0,0,0,0,0,0,0,0,0,0,0,0,0,0,0,0,0,0,0,0,0,0,0,0,0,0,0,0,0,0,0,0,0,0,0,0,0,0,0,0,0,0,0,0,0,0,0,0,0,0,0,0,0,0,0,0,0,0,0,0,0,0,0,0,0,0,0,0,0,0,0,0,0,0,0,0,0,0,0,0,0,0,0,0,0,0,0,0,0,0,0,0,0,0,0,0,0,0,0,0,0,0,0,0,0,0,0,0,0,0,0,0,0,0,0,0,0,0,0,0,0,0,0,0,0,0,0,0,0,0,0,0,0,0,0,0,0,0,0,0,0,0,0,0,0,0,0,0,0,0,0,0,0,0,0,0,0,0,0,0,0,0,0,0,0,0,0,0,0,0,0,0,0,0,0,0,0,0,0,0,0,0,0,0,0,0,0,0,0,0,0,0,0,0,0,0,0,0,1,1,0,0,1,2,0,0,0,2,0,0,1,3,0,0,0,0,0,0,0,0,0,0,6,6,0,0,1,7,0,0,10,17,0,0,0,17,0,0,0,17,0,0,2,19,0,0,3,22,0,0,1,23,0,0,7,30,0,0,0,30,0,0,0,30,0,0,0,30,0,0,7,37,0,0,3,40,0,0,2,42,1,1,1,43,0,1,0,43,0,1,2,45,0,1,0,45,0,1,5,50,0,1,1,51,0,1,0,51,0,1,0,51,0,1,0,51,0,1,0,51,0,1,0,51,0,1,0,51,1,2,2,53,1,3,0,53,0,3,0,53,0,3,0,53,0,3,1,54,0,3,0,54,0,3,0,54,0,3,1,55,0,3
Virginia,0,0,0,0,0,0,0,0,0,0,0,0,0,0,0,0,0,0,0,0,0,0,0,0,0,0,0,0,0,0,0,0,0,0,0,0,0,0,0,0,0,0,0,0,0,0,0,0,0,0,0,0,0,0,0,0,0,0,0,0,0,0,0,0,0,0,0,0,0,0,0,0,0,0,0,0,0,0,0,0,0,0,0,0,0,0,0,0,0,0,0,0,0,0,0,0,0,0,0,0,0,0,0,0,0,0,0,0,0,0,0,0,0,0,0,0,0,0,0,0,0,0,0,0,0,0,0,0,0,0,0,0,0,0,0,0,0,0,0,0,0,0,0,0,0,0,0,0,0,0,0,0,0,0,0,0,0,0,0,0,0,0,0,0,0,0,0,0,0,0,0,0,0,0,0,0,0,0,0,0,0,0,0,0,0,0,0,0,0,0,0,0,7,7,0,0,2,9,0,0,8,17,0,0,13,30,0,0,11,41,1,1,4,45,0,1,4,49,0,1,18,67,1,2,10,77,0,2,22,99,0,2,23,122,0,2,34,156,0,2,64,220,4,6,34,254,0,6,39,293,3,9,103,396,0,9,70,466,1,10,141,607,0,10,133,740,3,13,150,890,7,20,130,1020,-5,15,229,1249,12,27,234,1483,7,34,223,1706,7,41,306,2012,5,46,395,2407,6,52,233,2640,0,52,238,2878,14,66,457,3335,0,66,310,3645,0,66,397,4042,43,109,467,4509,12,121,568,5077,9,130,197,5274,11,141,473,5747,8,149,435,6182,5,154,318,6500,41,195,389,6889,13,208,602,7491,23,231,562,8053,27,258,489,8542,19,277,448,8990,23,300,640,9630,24,324,636,10266,25,349,732,10998,24,373,596,11594,38,411,772,12366,26,437
Washington,0,1,0,0,0,1,0,0,0,1,0,0,0,1,0,0,0,1,0,0,0,1,0,0,0,1,0,0,0,1,0,0,0,1,0,0,0,1,0,0,0,0,0,0,0,0,0,0,0,0,0,0,0,0,0,0,0,0,0,0,0,0,0,0,0,0,0,0,0,0,0,0,0,0,0,0,0,0,0,0,0,0,0,0,0,0,0,0,0,0,0,0,0,0,0,0,0,0,0,0,0,0,0,0,0,0,0,0,0,0,0,0,0,0,0,0,0,0,0,0,0,0,0,0,0,0,0,0,0,0,0,0,0,0,0,0,0,0,0,0,0,0,0,0,0,0,0,0,0,0,0,0,0,0,0,0,0,0,0,0,0,0,0,0,0,0,0,0,0,0,0,0,0,0,0,0,0,0,0,0,0,0,0,0,0,0,0,0,0,0,0,0,267,267,23,23,99,366,6,29,76,442,2,31,126,568,6,37,4,572,0,37,71,643,3,40,261,904,8,48,172,1076,7,55,-62,1014,0,55,362,1376,19,74,148,1524,9,83,269,1793,11,94,204,1997,3,97,224,2221,12,109,107,2328,7,116,263,2591,17,133,616,3207,17,150,270,3477,7,157,553,4030,31,188,435,4465,10,198,458,4923,7,205,509,5432,20,225,176,5608,9,234,781,6389,37,271,457,6846,20,291,401,7247,24,315,578,7825,21,336,486,8311,45,381,381,8692,19,400,584,9276,26,426,363,9639,30,456,480,10119,27,483,315,10434,12,495,175,10609,11,506,26,10635,7,513,164,10799,17,530,143,10942,22,552,115,11057,27,579,460,11517,24,603,259,11776,10,613,479,12255,23,636,-141,12114,7,643,278,12392,21,664,204,12596,22,686,157,12753,25,711,224,12977,11,722,342,13319,15,737
West Virginia,0,0,0,0,0,0,0,0,0,0,0,0,0,0,0,0,0,0,0,0,0,0,0,0,0,0,0,0,0,0,0,0,0,0,0,0,0,0,0,0,0,0,0,0,0,0,0,0,0,0,0,0,0,0,0,0,0,0,0,0,0,0,0,0,0,0,0,0,0,0,0,0,0,0,0,0,0,0,0,0,0,0,0,0,0,0,0,0,0,0,0,0,0,0,0,0,0,0,0,0,0,0,0,0,0,0,0,0,0,0,0,0,0,0,0,0,0,0,0,0,0,0,0,0,0,0,0,0,0,0,0,0,0,0,0,0,0,0,0,0,0,0,0,0,0,0,0,0,0,0,0,0,0,0,0,0,0,0,0,0,0,0,0,0,0,0,0,0,0,0,0,0,0,0,0,0,0,0,0,0,0,0,0,0,0,0,0,0,0,0,0,0,0,0,0,0,0,0,0,0,0,0,0,0,0,0,0,0,0,0,0,0,0,0,0,0,0,0,0,0,1,1,0,0,0,1,0,0,1,2,0,0,5,7,0,0,1,8,0,0,8,16,0,0,0,16,0,0,6,22,0,0,17,39,0,0,13,52,0,0,24,76,0,0,20,96,0,0,17,113,0,0,32,145,1,1,17,162,0,1,29,191,0,1,25,216,1,2,21,237,0,2,45,282,0,2,42,324,1,3,21,345,1,4,67,412,0,4,71,483,0,4,31,514,1,5,60,574,0,5,3,577,0,5,16,593,1,6,18,611,2,8,29,640,1,9,62,702,1,10,26,728,2,12,47,775,4,16,10,785,0,16,105,890,2,18,12,902,6,24,6,908,2,26,31,939,1,27,42,981,4,31,29,1010,1,32,0,1010,0,32
Wisconsin,0,0,0,0,0,0,0,0,0,0,0,0,0,0,0,0,0,0,0,0,0,0,0,0,0,0,0,0,0,0,0,0,0,0,0,0,0,0,0,0,0,0,0,0,0,0,0,0,0,0,0,0,0,0,0,0,0,0,0,0,0,0,0,0,0,0,0,0,0,0,0,0,0,0,0,0,0,0,0,0,0,0,0,0,0,0,0,0,0,0,0,0,0,0,0,0,0,0,0,0,0,0,0,0,0,0,0,0,0,0,0,0,0,0,0,0,0,0,0,0,0,0,0,0,0,0,0,0,0,0,0,0,0,0,0,0,0,0,0,0,0,0,0,0,0,0,0,0,0,0,0,0,0,0,0,0,0,0,0,0,0,0,0,0,0,0,0,0,0,0,0,0,0,0,0,0,0,0,0,0,0,0,0,0,0,0,0,0,0,0,0,0,3,3,0,0,3,6,0,0,2,8,0,0,11,19,0,0,8,27,0,0,5,32,0,0,15,47,0,0,25,72,0,0,20,92,0,0,67,159,0,0,48,207,3,3,75,282,1,4,99,381,0,4,44,425,1,5,56,481,0,5,140,621,2,7,107,728,3,10,198,926,4,14,129,1055,3,17,109,1164,1,18,66,1230,2,20,182,1412,5,25,144,1556,2,27,192,1748,11,38,264,2012,13,51,18,2030,3,54,290,2320,20,74,129,2449,4,78,129,2578,14,92,132,2710,8,100,176,2886,11,111,182,3068,17,128,145,3213,9,137,128,3341,7,144,87,3428,10,154,127,3555,16,170,166,3721,13,183,154,3875,14,197,178,4053,9,206,146,4199,6,212,147,4346,8,220,153,4499,10,230,126,4625,14,244,220,4845,4,248,207,5052,10,258,304,5356,5,263,331,5687,3,266
Wyoming,0,0,0,0,0,0,0,0,0,0,0,0,0,0,0,0,0,0,0,0,0,0,0,0,0,0,0,0,0,0,0,0,0,0,0,0,0,0,0,0,0,0,0,0,0,0,0,0,0,0,0,0,0,0,0,0,0,0,0,0,0,0,0,0,0,0,0,0,0,0,0,0,0,0,0,0,0,0,0,0,0,0,0,0,0,0,0,0,0,0,0,0,0,0,0,0,0,0,0,0,0,0,0,0,0,0,0,0,0,0,0,0,0,0,0,0,0,0,0,0,0,0,0,0,0,0,0,0,0,0,0,0,0,0,0,0,0,0,0,0,0,0,0,0,0,0,0,0,0,0,0,0,0,0,0,0,0,0,0,0,0,0,0,0,0,0,0,0,0,0,0,0,0,0,0,0,0,0,0,0,0,0,0,0,0,0,0,0,0,0,0,0,0,0,0,0,0,0,0,0,1,1,0,0,0,1,0,0,1,2,0,0,1,3,0,0,0,3,0,0,8,11,0,0,4,15,0,0,3,18,0,0,1,19,0,0,4,23,0,0,3,26,0,0,0,26,0,0,3,29,0,0,15,44,0,0,9,53,0,0,17,70,0,0,12,82,0,0,4,86,0,0,8,94,0,0,15,109,0,0,21,130,0,0,20,150,0,0,12,162,0,0,25,187,0,0,10,197,0,0,13,210,0,0,6,216,0,0,5,221,0,0,9,230,0,0,9,239,0,0,22,261,0,0,9,270,0,0,5,275,1,1,7,282,0,1,5,287,0,1,9,296,1,2,9,305,0,2,4,309,0,2,4,313,0,2,4,317,0,2,126,443,0,2,4,447,4,6,6,453,1,7,20,473,0,7,18,491,0,7
Yukon,0,0,0,0,0,0,0,0,0,0,0,0,0,0,0,0,0,0,0,0,0,0,0,0,0,0,0,0,0,0,0,0,0,0,0,0,0,0,0,0,0,0,0,0,0,0,0,0,0,0,0,0,0,0,0,0,0,0,0,0,0,0,0,0,0,0,0,0,0,0,0,0,0,0,0,0,0,0,0,0,0,0,0,0,0,0,0,0,0,0,0,0,0,0,0,0,0,0,0,0,0,0,0,0,0,0,0,0,0,0,0,0,0,0,0,0,0,0,0,0,0,0,0,0,0,0,0,0,0,0,0,0,0,0,0,0,0,0,0,0,0,0,0,0,0,0,0,0,0,0,0,0,0,0,0,0,0,0,0,0,0,0,0,0,0,0,0,0,0,0,0,0,0,0,0,0,0,0,0,0,0,0,0,0,0,0,0,0,0,0,0,0,0,0,0,0,0,0,0,0,0,0,0,0,0,0,0,0,0,0,0,0,0,0,0,0,0,0,0,0,0,0,0,0,0,0,0,0,0,0,0,0,0,0,0,0,0,0,0,0,0,0,0,0,0,0,0,0,0,0,0,0,0,0,0,0,3,3,0,0,0,3,0,0,1,4,0,0,0,4,0,0,0,4,0,0,1,5,0,0,0,5,0,0,1,6,0,0,0,6,0,0,0,6,0,0,0,6,0,0,0,6,0,0,1,7,0,0,0,7,0,0,0,7,0,0,1,8,0,0,0,8,0,0,0,8,0,0,0,8,0,0,0,8,0,0,0,8,0,0,0,8,0,0,0,8,0,0,1,9,0,0,0,9,0,0,2,11,0,0,0,11,0,0,0,11,0,0,0,11,0,0,0,11,0,0,0,11,0,0
